-- 用户数据
INSERT INTO users (user_id, name, role, department) VALUES ('U001', '陈佳意', '内容评审', '内容部');
INSERT INTO users (user_id, name, role, department) VALUES ('U002', '李思雨', '内容评审', '内容部');
INSERT INTO users (user_id, name, role, department) VALUES ('U003', '陈思琪', '内容评审', '内容部');
INSERT INTO users (user_id, name, role, department) VALUES ('U004', '董兵雨', '内容评审', '内容部');
INSERT INTO users (user_id, name, role, department) VALUES ('U005', '闻博', '内容评审', '内容部');
INSERT INTO users (user_id, name, role, department) VALUES ('U006', '杨晓磊', '内容评审', '内容部');
INSERT INTO users (user_id, name, role, department) VALUES ('U007', '王圣瑜', '内容评审', '内容部');
INSERT INTO users (user_id, name, role, department) VALUES ('U008', '康飞飞', '内容评审', '内容部');
INSERT INTO users (user_id, name, role, department) VALUES ('U009', '王舒', '内容评审', '内容部');

-- 剧本数据
INSERT INTO scripts (script_id, name, team, content_type, genre, status, source_type, project_owner, is_project, production_status, remarks, avg_score, rating_count) VALUES ('SP001', '小小画圣震天下', '剧出圈', '付费', '皆可', '完整剧本', '内部团队', '', 0, '未制作', '理解成本会很高
+1：全是特效，制作成本也挺高', 70, 7);
INSERT INTO scripts (script_id, name, team, content_type, genre, status, source_type, project_owner, is_project, production_status, remarks, avg_score, rating_count) VALUES ('SP002', '我本无名', '剧无敌', '付费', '男频', '一卡初稿', '内部团队', '', 0, '未制作', '', 58.6, 7);
INSERT INTO scripts (script_id, name, team, content_type, genre, status, source_type, project_owner, is_project, production_status, remarks, avg_score, rating_count) VALUES ('SP003', '爱在典当前', '剧出圈', '付费', '女频', '一卡初稿', '内部团队', '', 0, '未制作', '', 64.3, 7);
INSERT INTO scripts (script_id, name, team, content_type, genre, status, source_type, project_owner, is_project, production_status, remarks, avg_score, rating_count) VALUES ('SP004', '开锁师傅竟然这么无敌', '剧无敌', '付费', '男频', '一卡初稿', '内部团队', '', 0, '未制作', '王舒：感觉卡点可以再改改', 68.9, 9);
INSERT INTO scripts (script_id, name, team, content_type, genre, status, source_type, project_owner, is_project, production_status, remarks, avg_score, rating_count) VALUES ('SP005', '风月渡君心', '爆款buff', '付费', '女频', '一卡初稿', '内部团队', '', 0, '未制作', '+1:感觉卡点不够爽，春桃之前也没有铺垫。', 70, 8);
INSERT INTO scripts (script_id, name, team, content_type, genre, status, source_type, project_owner, is_project, production_status, remarks, avg_score, rating_count) VALUES ('SP006', '斩情当天', '剧无敌', '付费', '男频', '一卡初稿', '内部团队', '爆款引擎', 1, '未制作', '', 76.3, 8);
INSERT INTO scripts (script_id, name, team, content_type, genre, status, source_type, project_owner, is_project, production_status, remarks, avg_score, rating_count) VALUES ('SP007', '女人不能上桌', '爆款buff', '付费', '男频', '一卡初稿', '内部团队', '爆米花', 1, '未制作', '', 65.6, 9);
INSERT INTO scripts (script_id, name, team, content_type, genre, status, source_type, project_owner, is_project, production_status, remarks, avg_score, rating_count) VALUES ('SP008', '出山后，6岁保镖男友名撼京都', '剧无敌', '付费', '男频', '一卡初稿', '内部团队', '', 0, '未制作', '', 66.3, 8);
INSERT INTO scripts (script_id, name, team, content_type, genre, status, source_type, project_owner, is_project, production_status, remarks, avg_score, rating_count) VALUES ('SP009', '白月光回国，我才是总裁老婆真男神', '爆款buff', '付费', '男频', '一卡初稿', '内部团队', '爆米花', 1, '未制作', '', 64.4, 9);
INSERT INTO scripts (script_id, name, team, content_type, genre, status, source_type, project_owner, is_project, production_status, remarks, avg_score, rating_count) VALUES ('SP010', '裴总他总想上位当正宫', '剧无敌', '付费', '女频', '一卡初稿', '内部团队', '爆款引擎', 1, '未制作', '', 63.3, 9);
INSERT INTO scripts (script_id, name, team, content_type, genre, status, source_type, project_owner, is_project, production_status, remarks, avg_score, rating_count) VALUES ('SP011', '在下保安，南天门保安', '剧无敌', '付费', '男频', '一卡初稿', '内部团队', '', 0, '未制作', '', 62.2, 9);
INSERT INTO scripts (script_id, name, team, content_type, genre, status, source_type, project_owner, is_project, production_status, remarks, avg_score, rating_count) VALUES ('SP012', '我妈归来', '剧无敌', '付费', '皆可', '一卡初稿', '内部团队', '爆款引擎', 1, '未制作', '', 67.8, 9);
INSERT INTO scripts (script_id, name, team, content_type, genre, status, source_type, project_owner, is_project, production_status, remarks, avg_score, rating_count) VALUES ('SP013', '老祖宗又美又飒【修】', '剧出圈', '付费', '女频', '一卡初稿', '内部团队', '', 0, '未制作', '', 60, 9);
INSERT INTO scripts (script_id, name, team, content_type, genre, status, source_type, project_owner, is_project, production_status, remarks, avg_score, rating_count) VALUES ('SP014', '第一纨绔太逆天了', '剧无敌', '付费', '男频', '一卡初稿', '内部团队', '爆款引擎', 1, '未制作', '', 73.3, 9);
INSERT INTO scripts (script_id, name, team, content_type, genre, status, source_type, project_owner, is_project, production_status, remarks, avg_score, rating_count) VALUES ('SP015', '你给我戴绿帽', '爆款buff', '付费', '男频', '一卡初稿', '内部团队', '爆款引擎', 1, '未制作', '+1:感觉好爽', 70, 9);
INSERT INTO scripts (script_id, name, team, content_type, genre, status, source_type, project_owner, is_project, production_status, remarks, avg_score, rating_count) VALUES ('SP016', '我帮校花造机甲', '顶呱呱', '付费', '男频', '一卡初稿', '内部团队', '自制组', 1, '未制作', '', 71.1, 9);
INSERT INTO scripts (script_id, name, team, content_type, genre, status, source_type, project_owner, is_project, production_status, remarks, avg_score, rating_count) VALUES ('SP017', '回首是潇潇暮雨（残雪晚来负情深）', '剧出圈', '付费', '女频', '完整剧本', '内部团队', '爆米花', 1, '未制作', '', 60, 9);
INSERT INTO scripts (script_id, name, team, content_type, genre, status, source_type, project_owner, is_project, production_status, remarks, avg_score, rating_count) VALUES ('SP018', '我以笔墨撼天纲', '剧出圈', '付费', '女频', '一卡初稿', '内部团队', '', 0, '未制作', '', 63.3, 9);
INSERT INTO scripts (script_id, name, team, content_type, genre, status, source_type, project_owner, is_project, production_status, remarks, avg_score, rating_count) VALUES ('SP019', '消失的铁锤', '剧出圈', '付费', '皆可', '一卡初稿', '内部团队', '爆米花', 1, '未制作', '', 67.8, 9);
INSERT INTO scripts (script_id, name, team, content_type, genre, status, source_type, project_owner, is_project, production_status, remarks, avg_score, rating_count) VALUES ('SP020', '八岁小祖宗出山，全员避让', '剧出圈', '付费', '女频', '一卡初稿', '内部团队', '爆米花', 1, '未制作', '', 70, 8);
INSERT INTO scripts (script_id, name, team, content_type, genre, status, source_type, project_owner, is_project, production_status, remarks, avg_score, rating_count) VALUES ('SP021', '死后 18 年，亲爸回归', '剧出圈', '付费', '女频', '一卡初稿', '内部团队', '自制组', 1, '未制作', '王舒：一卡差点意思，最好参考一下《父如高楼》，黑社会性质比较多，需要改', 71.1, 9);
INSERT INTO scripts (script_id, name, team, content_type, genre, status, source_type, project_owner, is_project, production_status, remarks, avg_score, rating_count) VALUES ('SP022', '爱在典当前【修】', '剧出圈', '付费', '女频', '完整剧本', '内部团队', '', 0, '未制作', '', 72.2, 9);
INSERT INTO scripts (script_id, name, team, content_type, genre, status, source_type, project_owner, is_project, production_status, remarks, avg_score, rating_count) VALUES ('SP023', '重生天才军师', '顶呱呱', '付费', '男频', '一卡初稿', '内部团队', '', 0, '未制作', '', 62.2, 9);
INSERT INTO scripts (script_id, name, team, content_type, genre, status, source_type, project_owner, is_project, production_status, remarks, avg_score, rating_count) VALUES ('SP024', '裴总他总想上位当正宫【修】', '剧无敌', '付费', '女频', '一卡初稿', '内部团队', '爆款引擎', 1, '未制作', '', 66.7, 9);
INSERT INTO scripts (script_id, name, team, content_type, genre, status, source_type, project_owner, is_project, production_status, remarks, avg_score, rating_count) VALUES ('SP025', '我帮恋爱脑爹卷成千古一帝', '剧出圈', '付费', '女频', '一卡初稿', '内部团队', '', 0, '未制作', '', 58.9, 9);
INSERT INTO scripts (script_id, name, team, content_type, genre, status, source_type, project_owner, is_project, production_status, remarks, avg_score, rating_count) VALUES ('SP026', '在下保安，南天门保安【修】', '剧无敌', '付费', '男频', '完整剧本', '内部团队', '爆米花', 1, '未制作', '', 65.6, 9);
INSERT INTO scripts (script_id, name, team, content_type, genre, status, source_type, project_owner, is_project, production_status, remarks, avg_score, rating_count) VALUES ('SP027', '幸得识卿桃花面【新】', '财神爷心尖宠', '红果', '女频', '一卡初稿', '内部团队', '爆款引擎', 1, '未制作', '', 68.6, 7);
INSERT INTO scripts (script_id, name, team, content_type, genre, status, source_type, project_owner, is_project, production_status, remarks, avg_score, rating_count) VALUES ('SP028', '长公主逆风翻盘', '爆款buff', '付费', '女频', '一卡初稿', '内部团队', '', 0, '未制作', '', 67.8, 9);
INSERT INTO scripts (script_id, name, team, content_type, genre, status, source_type, project_owner, is_project, production_status, remarks, avg_score, rating_count) VALUES ('SP029', '财神奶包萌翻豪门圈', '财神爷心尖宠', '付费', '女频', '一卡初稿', '内部团队', '', 0, '未制作', '', 57.8, 9);
INSERT INTO scripts (script_id, name, team, content_type, genre, status, source_type, project_owner, is_project, production_status, remarks, avg_score, rating_count) VALUES ('SP030', '重生千禧年，霸道老登带我飞', '剧出圈', '付费', '女频', '一卡初稿', '内部团队', '爆款引擎', 1, '未制作', '', 72.2, 9);
INSERT INTO scripts (script_id, name, team, content_type, genre, status, source_type, project_owner, is_project, production_status, remarks, avg_score, rating_count) VALUES ('SP031', '楚藜的世界', '剧出圈', '付费', '女频', '一卡初稿', '内部团队', '', 0, '未制作', '磊：设定挺好的，第二集后有点没有延续亮点', 74.7, 9);
INSERT INTO scripts (script_id, name, team, content_type, genre, status, source_type, project_owner, is_project, production_status, remarks, avg_score, rating_count) VALUES ('SP032', '我靠读书续命', '顶呱呱', '付费', '男频', '一卡初稿', '内部团队', '自制组', 1, '未制作', '', 64.1, 9);
INSERT INTO scripts (script_id, name, team, content_type, genre, status, source_type, project_owner, is_project, production_status, remarks, avg_score, rating_count) VALUES ('SP033', '穿成反派幼崽，我给渣爹发战神卡', '顶呱呱', '付费', '男频', '一卡初稿', '内部团队', '', 0, '未制作', '可：其实大方向并不新颖，但是剧本看着还有点好看。觉得主角人设可以更极致一点，之后配合中武简单特效，威亚什么的会有看点（至少我会喜欢看）。', 63.8, 9);
INSERT INTO scripts (script_id, name, team, content_type, genre, status, source_type, project_owner, is_project, production_status, remarks, avg_score, rating_count) VALUES ('SP034', '我以笔墨撼天纲【全本】', '剧出圈', '付费', '女频', '完整剧本', '内部团队', '', 0, '未制作', '', 71.1, 9);
INSERT INTO scripts (script_id, name, team, content_type, genre, status, source_type, project_owner, is_project, production_status, remarks, avg_score, rating_count) VALUES ('SP035', '女儿伺候我十年，我却把家产留给不孝儿子', '财神爷心尖宠', '付费', '皆可', '一卡初稿', '内部团队', '爆款引擎', 1, '未制作', '', 64.8, 9);
INSERT INTO scripts (script_id, name, team, content_type, genre, status, source_type, project_owner, is_project, production_status, remarks, avg_score, rating_count) VALUES ('SP036', '祖上全员恶人，我却从警超神', '顶呱呱', '付费', '皆可', '一卡初稿', '内部团队', '', 0, '未制作', '可：如果警察字眼有风险，那换成民间英雄组织概念也挺好，这样剧情上花样多就不会涉及到警察那么敏感了。', 68.9, 9);
INSERT INTO scripts (script_id, name, team, content_type, genre, status, source_type, project_owner, is_project, production_status, remarks, avg_score, rating_count) VALUES ('SP037', '别惹她，她婆婆是大佬', '剧出圈', '付费', '女频', '一卡初稿', '内部团队', '均不认领', 1, '未制作', '可： 如果多加一些女主的惊讶阴谋的事件，在前三四集，感觉会更好。现在感觉就差几个极致的点，在前几集，撑住观众对女主未来的动作期待。', 56.3, 9);
INSERT INTO scripts (script_id, name, team, content_type, genre, status, source_type, project_owner, is_project, production_status, remarks, avg_score, rating_count) VALUES ('SP038', '从头再来', '剧无敌', '付费', '男频', '一卡初稿', '内部团队', '爆款引擎', 1, '未制作', '+1: 看了东北大腰子，觉得可以再做的极致一点', 69.8, 9);
INSERT INTO scripts (script_id, name, team, content_type, genre, status, source_type, project_owner, is_project, production_status, remarks, avg_score, rating_count) VALUES ('SP039', '管家（女频版）', '顶呱呱', '付费', '皆可', '一卡初稿', '内部团队', '', 0, '未制作', '', 62, 9);
INSERT INTO scripts (script_id, name, team, content_type, genre, status, source_type, project_owner, is_project, production_status, remarks, avg_score, rating_count) VALUES ('SP040', '我癫我狂，我干翻全场', '爆款buff', '付费', '男频', '一卡初稿', '内部团队', '', 0, '未制作', '第一集不好看，芒果过敏有点老套了，前面当舔狗的素材不够丰富，后面有了大力系统应该要先试一下再出手', 61, 9);
INSERT INTO scripts (script_id, name, team, content_type, genre, status, source_type, project_owner, is_project, production_status, remarks, avg_score, rating_count) VALUES ('SP041', '藏在眼里里的星星', '顶呱呱', '付费', '女频', '一卡初稿', '内部团队', '爆米花', 1, '未制作', '+1:题材各方面都挺好的，女主的危机感不够，题材太敏感了，需要修改', 69.4, 9);
INSERT INTO scripts (script_id, name, team, content_type, genre, status, source_type, project_owner, is_project, production_status, remarks, avg_score, rating_count) VALUES ('SP042', '把五百万分给同事后，我上了裁员名单', '财神爷心尖宠', '付费', '皆可', '一卡初稿', '内部团队', '', 0, '未制作', '', 57.1, 9);
INSERT INTO scripts (script_id, name, team, content_type, genre, status, source_type, project_owner, is_project, production_status, remarks, avg_score, rating_count) VALUES ('SP043', '把五百万分给同事后，我上了裁员名单【新】', '财神爷心尖宠', '付费', '皆可', '一卡初稿', '内部团队', '', 0, '未制作', '', 58, 9);
INSERT INTO scripts (script_id, name, team, content_type, genre, status, source_type, project_owner, is_project, production_status, remarks, avg_score, rating_count) VALUES ('SP044', '迟来的璀璨', '剧出圈', '付费', '女频', '一卡初稿', '内部团队', '', 0, '未制作', 'sy:第一集不好看，没吸引住往后看，但是后面还可以，整体框架感觉挺好的。前面场景和剧情可以再创新一下。', 60.9, 9);
INSERT INTO scripts (script_id, name, team, content_type, genre, status, source_type, project_owner, is_project, production_status, remarks, avg_score, rating_count) VALUES ('SP045', '不再做妹妹的替罪娃娃', '财神爷心尖宠', '付费', '女频', '一卡初稿', '内部团队', '', 0, '未制作', '', 63.1, 9);
INSERT INTO scripts (script_id, name, team, content_type, genre, status, source_type, project_owner, is_project, production_status, remarks, avg_score, rating_count) VALUES ('SP046', '靠拯救少妇续命', '顶呱呱', '红果', '男频', '一卡初稿', '内部团队', '', 0, '未制作', '', 59.3, 9);
INSERT INTO scripts (script_id, name, team, content_type, genre, status, source_type, project_owner, is_project, production_status, remarks, avg_score, rating_count) VALUES ('SP047', '大考而已，你问我如何修仙', '顶呱呱', '红果', '男频', '一卡初稿', '内部团队', '', 0, '未制作', '这个题材有时效性  考试时期上线比较好  ', 60.4, 9);
INSERT INTO scripts (script_id, name, team, content_type, genre, status, source_type, project_owner, is_project, production_status, remarks, avg_score, rating_count) VALUES ('SP048', '假千金基础，真千金就不基础', '财神爷心尖宠', '付费', '女频', '一卡初稿', '内部团队', '', 0, '未制作', '', 56.7, 9);
INSERT INTO scripts (script_id, name, team, content_type, genre, status, source_type, project_owner, is_project, production_status, remarks, avg_score, rating_count) VALUES ('SP049', '春节期间，我把全家都气进医院', '剧无敌', '付费', '皆可', '一卡初稿', '内部团队', '', 0, '未制作', '春节气到医院 这个一听不想看 多么喜庆的日子  气医院 ', 54.3, 9);
INSERT INTO scripts (script_id, name, team, content_type, genre, status, source_type, project_owner, is_project, production_status, remarks, avg_score, rating_count) VALUES ('SP050', '这个机长我不当了', '剧无敌', '付费', '皆可', '一卡初稿', '内部团队', '', 0, '未制作', '', 69.6, 9);
INSERT INTO scripts (script_id, name, team, content_type, genre, status, source_type, project_owner, is_project, production_status, remarks, avg_score, rating_count) VALUES ('SP051', '人间七雪年', '剧无敌', '付费', '皆可', '一卡初稿', '内部团队', '', 0, '未制作', '', 64.2, 9);
INSERT INTO scripts (script_id, name, team, content_type, genre, status, source_type, project_owner, is_project, production_status, remarks, avg_score, rating_count) VALUES ('SP052', '真千金她是女帝', '剧出圈', '付费', '女频', '一卡初稿', '内部团队', '', 0, '未制作', '', 67.4, 9);
INSERT INTO scripts (script_id, name, team, content_type, genre, status, source_type, project_owner, is_project, production_status, remarks, avg_score, rating_count) VALUES ('SP053', '离谱，你让小孩哥给大学生上课', '顶呱呱', '红果', '男频', '一卡初稿', '内部团队', '', 0, '未制作', '', 52.1, 9);
INSERT INTO scripts (script_id, name, team, content_type, genre, status, source_type, project_owner, is_project, production_status, remarks, avg_score, rating_count) VALUES ('SP054', '媳妇井', '剧无敌', '付费', '男频', '一卡初稿', '内部团队', '', 0, '未制作', '感觉适合动漫剧', 68.3, 9);
INSERT INTO scripts (script_id, name, team, content_type, genre, status, source_type, project_owner, is_project, production_status, remarks, avg_score, rating_count) VALUES ('SP055', '旧时王谢堂前燕', '剧无敌', '付费', '女频', '一卡初稿', '内部团队', '', 0, '未制作', '', 69, 5);

-- 评分数据
INSERT INTO ratings (script_id, user_id, user_name, content_score, market_score, commercial_score, total_score) VALUES ('SP001', 'U001', '陈佳意', 70, NULL, NULL, 70);
INSERT INTO ratings (script_id, user_id, user_name, content_score, market_score, commercial_score, total_score) VALUES ('SP001', 'U002', '李思雨', 70, NULL, NULL, 70);
INSERT INTO ratings (script_id, user_id, user_name, content_score, market_score, commercial_score, total_score) VALUES ('SP001', 'U003', '陈思琪', 70, NULL, NULL, 70);
INSERT INTO ratings (script_id, user_id, user_name, content_score, market_score, commercial_score, total_score) VALUES ('SP001', 'U004', '董兵雨', 70, NULL, NULL, 70);
INSERT INTO ratings (script_id, user_id, user_name, content_score, market_score, commercial_score, total_score) VALUES ('SP001', 'U005', '闻博', 80, NULL, NULL, 80);
INSERT INTO ratings (script_id, user_id, user_name, content_score, market_score, commercial_score, total_score) VALUES ('SP001', 'U006', '杨晓磊', 60, NULL, NULL, 60);
INSERT INTO ratings (script_id, user_id, user_name, content_score, market_score, commercial_score, total_score) VALUES ('SP001', 'U007', '王圣瑜', 70, NULL, NULL, 70);
INSERT INTO ratings (script_id, user_id, user_name, content_score, market_score, commercial_score, total_score) VALUES ('SP002', 'U001', '陈佳意', 60, NULL, NULL, 60);
INSERT INTO ratings (script_id, user_id, user_name, content_score, market_score, commercial_score, total_score) VALUES ('SP002', 'U002', '李思雨', 60, NULL, NULL, 60);
INSERT INTO ratings (script_id, user_id, user_name, content_score, market_score, commercial_score, total_score) VALUES ('SP002', 'U003', '陈思琪', 50, NULL, NULL, 50);
INSERT INTO ratings (script_id, user_id, user_name, content_score, market_score, commercial_score, total_score) VALUES ('SP002', 'U004', '董兵雨', 60, NULL, NULL, 60);
INSERT INTO ratings (script_id, user_id, user_name, content_score, market_score, commercial_score, total_score) VALUES ('SP002', 'U005', '闻博', 60, NULL, NULL, 60);
INSERT INTO ratings (script_id, user_id, user_name, content_score, market_score, commercial_score, total_score) VALUES ('SP002', 'U006', '杨晓磊', 60, NULL, NULL, 60);
INSERT INTO ratings (script_id, user_id, user_name, content_score, market_score, commercial_score, total_score) VALUES ('SP002', 'U007', '王圣瑜', 60, NULL, NULL, 60);
INSERT INTO ratings (script_id, user_id, user_name, content_score, market_score, commercial_score, total_score) VALUES ('SP003', 'U001', '陈佳意', 70, NULL, NULL, 70);
INSERT INTO ratings (script_id, user_id, user_name, content_score, market_score, commercial_score, total_score) VALUES ('SP003', 'U002', '李思雨', 70, NULL, NULL, 70);
INSERT INTO ratings (script_id, user_id, user_name, content_score, market_score, commercial_score, total_score) VALUES ('SP003', 'U008', '康飞飞', 70, NULL, NULL, 70);
INSERT INTO ratings (script_id, user_id, user_name, content_score, market_score, commercial_score, total_score) VALUES ('SP003', 'U003', '陈思琪', 50, NULL, NULL, 50);
INSERT INTO ratings (script_id, user_id, user_name, content_score, market_score, commercial_score, total_score) VALUES ('SP003', 'U004', '董兵雨', 60, NULL, NULL, 60);
INSERT INTO ratings (script_id, user_id, user_name, content_score, market_score, commercial_score, total_score) VALUES ('SP003', 'U005', '闻博', 60, NULL, NULL, 60);
INSERT INTO ratings (script_id, user_id, user_name, content_score, market_score, commercial_score, total_score) VALUES ('SP003', 'U006', '杨晓磊', 70, NULL, NULL, 70);
INSERT INTO ratings (script_id, user_id, user_name, content_score, market_score, commercial_score, total_score) VALUES ('SP004', 'U009', '王舒', 70, NULL, NULL, 70);
INSERT INTO ratings (script_id, user_id, user_name, content_score, market_score, commercial_score, total_score) VALUES ('SP004', 'U001', '陈佳意', 70, NULL, NULL, 70);
INSERT INTO ratings (script_id, user_id, user_name, content_score, market_score, commercial_score, total_score) VALUES ('SP004', 'U002', '李思雨', 70, NULL, NULL, 70);
INSERT INTO ratings (script_id, user_id, user_name, content_score, market_score, commercial_score, total_score) VALUES ('SP004', 'U008', '康飞飞', 70, NULL, NULL, 70);
INSERT INTO ratings (script_id, user_id, user_name, content_score, market_score, commercial_score, total_score) VALUES ('SP004', 'U003', '陈思琪', 70, NULL, NULL, 70);
INSERT INTO ratings (script_id, user_id, user_name, content_score, market_score, commercial_score, total_score) VALUES ('SP004', 'U004', '董兵雨', 70, NULL, NULL, 70);
INSERT INTO ratings (script_id, user_id, user_name, content_score, market_score, commercial_score, total_score) VALUES ('SP004', 'U005', '闻博', 70, NULL, NULL, 70);
INSERT INTO ratings (script_id, user_id, user_name, content_score, market_score, commercial_score, total_score) VALUES ('SP004', 'U006', '杨晓磊', 60, NULL, NULL, 60);
INSERT INTO ratings (script_id, user_id, user_name, content_score, market_score, commercial_score, total_score) VALUES ('SP004', 'U007', '王圣瑜', 70, NULL, NULL, 70);
INSERT INTO ratings (script_id, user_id, user_name, content_score, market_score, commercial_score, total_score) VALUES ('SP005', 'U001', '陈佳意', 60, NULL, NULL, 60);
INSERT INTO ratings (script_id, user_id, user_name, content_score, market_score, commercial_score, total_score) VALUES ('SP005', 'U002', '李思雨', 80, NULL, NULL, 80);
INSERT INTO ratings (script_id, user_id, user_name, content_score, market_score, commercial_score, total_score) VALUES ('SP005', 'U008', '康飞飞', 80, NULL, NULL, 80);
INSERT INTO ratings (script_id, user_id, user_name, content_score, market_score, commercial_score, total_score) VALUES ('SP005', 'U003', '陈思琪', 60, NULL, NULL, 60);
INSERT INTO ratings (script_id, user_id, user_name, content_score, market_score, commercial_score, total_score) VALUES ('SP005', 'U004', '董兵雨', 70, NULL, NULL, 70);
INSERT INTO ratings (script_id, user_id, user_name, content_score, market_score, commercial_score, total_score) VALUES ('SP005', 'U005', '闻博', 70, NULL, NULL, 70);
INSERT INTO ratings (script_id, user_id, user_name, content_score, market_score, commercial_score, total_score) VALUES ('SP005', 'U006', '杨晓磊', 70, NULL, NULL, 70);
INSERT INTO ratings (script_id, user_id, user_name, content_score, market_score, commercial_score, total_score) VALUES ('SP005', 'U007', '王圣瑜', 70, NULL, NULL, 70);
INSERT INTO ratings (script_id, user_id, user_name, content_score, market_score, commercial_score, total_score) VALUES ('SP006', 'U009', '王舒', 80, NULL, NULL, 80);
INSERT INTO ratings (script_id, user_id, user_name, content_score, market_score, commercial_score, total_score) VALUES ('SP006', 'U001', '陈佳意', 80, NULL, NULL, 80);
INSERT INTO ratings (script_id, user_id, user_name, content_score, market_score, commercial_score, total_score) VALUES ('SP006', 'U002', '李思雨', 80, NULL, NULL, 80);
INSERT INTO ratings (script_id, user_id, user_name, content_score, market_score, commercial_score, total_score) VALUES ('SP006', 'U008', '康飞飞', 80, NULL, NULL, 80);
INSERT INTO ratings (script_id, user_id, user_name, content_score, market_score, commercial_score, total_score) VALUES ('SP006', 'U003', '陈思琪', 70, NULL, NULL, 70);
INSERT INTO ratings (script_id, user_id, user_name, content_score, market_score, commercial_score, total_score) VALUES ('SP006', 'U004', '董兵雨', 70, NULL, NULL, 70);
INSERT INTO ratings (script_id, user_id, user_name, content_score, market_score, commercial_score, total_score) VALUES ('SP006', 'U005', '闻博', 70, NULL, NULL, 70);
INSERT INTO ratings (script_id, user_id, user_name, content_score, market_score, commercial_score, total_score) VALUES ('SP006', 'U006', '杨晓磊', 80, NULL, NULL, 80);
INSERT INTO ratings (script_id, user_id, user_name, content_score, market_score, commercial_score, total_score) VALUES ('SP007', 'U009', '王舒', 70, NULL, NULL, 70);
INSERT INTO ratings (script_id, user_id, user_name, content_score, market_score, commercial_score, total_score) VALUES ('SP007', 'U001', '陈佳意', 70, NULL, NULL, 70);
INSERT INTO ratings (script_id, user_id, user_name, content_score, market_score, commercial_score, total_score) VALUES ('SP007', 'U002', '李思雨', 70, NULL, NULL, 70);
INSERT INTO ratings (script_id, user_id, user_name, content_score, market_score, commercial_score, total_score) VALUES ('SP007', 'U008', '康飞飞', 70, NULL, NULL, 70);
INSERT INTO ratings (script_id, user_id, user_name, content_score, market_score, commercial_score, total_score) VALUES ('SP007', 'U003', '陈思琪', 60, NULL, NULL, 60);
INSERT INTO ratings (script_id, user_id, user_name, content_score, market_score, commercial_score, total_score) VALUES ('SP007', 'U004', '董兵雨', 60, NULL, NULL, 60);
INSERT INTO ratings (script_id, user_id, user_name, content_score, market_score, commercial_score, total_score) VALUES ('SP007', 'U005', '闻博', 60, NULL, NULL, 60);
INSERT INTO ratings (script_id, user_id, user_name, content_score, market_score, commercial_score, total_score) VALUES ('SP007', 'U006', '杨晓磊', 60, NULL, NULL, 60);
INSERT INTO ratings (script_id, user_id, user_name, content_score, market_score, commercial_score, total_score) VALUES ('SP007', 'U007', '王圣瑜', 70, NULL, NULL, 70);
INSERT INTO ratings (script_id, user_id, user_name, content_score, market_score, commercial_score, total_score) VALUES ('SP008', 'U001', '陈佳意', 60, NULL, NULL, 60);
INSERT INTO ratings (script_id, user_id, user_name, content_score, market_score, commercial_score, total_score) VALUES ('SP008', 'U002', '李思雨', 60, NULL, NULL, 60);
INSERT INTO ratings (script_id, user_id, user_name, content_score, market_score, commercial_score, total_score) VALUES ('SP008', 'U008', '康飞飞', 70, NULL, NULL, 70);
INSERT INTO ratings (script_id, user_id, user_name, content_score, market_score, commercial_score, total_score) VALUES ('SP008', 'U003', '陈思琪', 70, NULL, NULL, 70);
INSERT INTO ratings (script_id, user_id, user_name, content_score, market_score, commercial_score, total_score) VALUES ('SP008', 'U004', '董兵雨', 70, NULL, NULL, 70);
INSERT INTO ratings (script_id, user_id, user_name, content_score, market_score, commercial_score, total_score) VALUES ('SP008', 'U005', '闻博', 70, NULL, NULL, 70);
INSERT INTO ratings (script_id, user_id, user_name, content_score, market_score, commercial_score, total_score) VALUES ('SP008', 'U006', '杨晓磊', 70, NULL, NULL, 70);
INSERT INTO ratings (script_id, user_id, user_name, content_score, market_score, commercial_score, total_score) VALUES ('SP008', 'U007', '王圣瑜', 60, NULL, NULL, 60);
INSERT INTO ratings (script_id, user_id, user_name, content_score, market_score, commercial_score, total_score) VALUES ('SP009', 'U009', '王舒', 60, NULL, NULL, 60);
INSERT INTO ratings (script_id, user_id, user_name, content_score, market_score, commercial_score, total_score) VALUES ('SP009', 'U001', '陈佳意', 80, NULL, NULL, 80);
INSERT INTO ratings (script_id, user_id, user_name, content_score, market_score, commercial_score, total_score) VALUES ('SP009', 'U002', '李思雨', 70, NULL, NULL, 70);
INSERT INTO ratings (script_id, user_id, user_name, content_score, market_score, commercial_score, total_score) VALUES ('SP009', 'U008', '康飞飞', 70, NULL, NULL, 70);
INSERT INTO ratings (script_id, user_id, user_name, content_score, market_score, commercial_score, total_score) VALUES ('SP009', 'U003', '陈思琪', 60, NULL, NULL, 60);
INSERT INTO ratings (script_id, user_id, user_name, content_score, market_score, commercial_score, total_score) VALUES ('SP009', 'U004', '董兵雨', 60, NULL, NULL, 60);
INSERT INTO ratings (script_id, user_id, user_name, content_score, market_score, commercial_score, total_score) VALUES ('SP009', 'U005', '闻博', 60, NULL, NULL, 60);
INSERT INTO ratings (script_id, user_id, user_name, content_score, market_score, commercial_score, total_score) VALUES ('SP009', 'U006', '杨晓磊', 60, NULL, NULL, 60);
INSERT INTO ratings (script_id, user_id, user_name, content_score, market_score, commercial_score, total_score) VALUES ('SP009', 'U007', '王圣瑜', 60, NULL, NULL, 60);
INSERT INTO ratings (script_id, user_id, user_name, content_score, market_score, commercial_score, total_score) VALUES ('SP010', 'U009', '王舒', 70, NULL, NULL, 70);
INSERT INTO ratings (script_id, user_id, user_name, content_score, market_score, commercial_score, total_score) VALUES ('SP010', 'U001', '陈佳意', 60, NULL, NULL, 60);
INSERT INTO ratings (script_id, user_id, user_name, content_score, market_score, commercial_score, total_score) VALUES ('SP010', 'U002', '李思雨', 70, NULL, NULL, 70);
INSERT INTO ratings (script_id, user_id, user_name, content_score, market_score, commercial_score, total_score) VALUES ('SP010', 'U008', '康飞飞', 60, NULL, NULL, 60);
INSERT INTO ratings (script_id, user_id, user_name, content_score, market_score, commercial_score, total_score) VALUES ('SP010', 'U003', '陈思琪', 60, NULL, NULL, 60);
INSERT INTO ratings (script_id, user_id, user_name, content_score, market_score, commercial_score, total_score) VALUES ('SP010', 'U004', '董兵雨', 60, NULL, NULL, 60);
INSERT INTO ratings (script_id, user_id, user_name, content_score, market_score, commercial_score, total_score) VALUES ('SP010', 'U005', '闻博', 60, NULL, NULL, 60);
INSERT INTO ratings (script_id, user_id, user_name, content_score, market_score, commercial_score, total_score) VALUES ('SP010', 'U006', '杨晓磊', 60, NULL, NULL, 60);
INSERT INTO ratings (script_id, user_id, user_name, content_score, market_score, commercial_score, total_score) VALUES ('SP010', 'U007', '王圣瑜', 70, NULL, NULL, 70);
INSERT INTO ratings (script_id, user_id, user_name, content_score, market_score, commercial_score, total_score) VALUES ('SP011', 'U009', '王舒', 70, NULL, NULL, 70);
INSERT INTO ratings (script_id, user_id, user_name, content_score, market_score, commercial_score, total_score) VALUES ('SP011', 'U001', '陈佳意', 70, NULL, NULL, 70);
INSERT INTO ratings (script_id, user_id, user_name, content_score, market_score, commercial_score, total_score) VALUES ('SP011', 'U002', '李思雨', 60, NULL, NULL, 60);
INSERT INTO ratings (script_id, user_id, user_name, content_score, market_score, commercial_score, total_score) VALUES ('SP011', 'U008', '康飞飞', 60, NULL, NULL, 60);
INSERT INTO ratings (script_id, user_id, user_name, content_score, market_score, commercial_score, total_score) VALUES ('SP011', 'U003', '陈思琪', 60, NULL, NULL, 60);
INSERT INTO ratings (script_id, user_id, user_name, content_score, market_score, commercial_score, total_score) VALUES ('SP011', 'U004', '董兵雨', 60, NULL, NULL, 60);
INSERT INTO ratings (script_id, user_id, user_name, content_score, market_score, commercial_score, total_score) VALUES ('SP011', 'U005', '闻博', 60, NULL, NULL, 60);
INSERT INTO ratings (script_id, user_id, user_name, content_score, market_score, commercial_score, total_score) VALUES ('SP011', 'U006', '杨晓磊', 60, NULL, NULL, 60);
INSERT INTO ratings (script_id, user_id, user_name, content_score, market_score, commercial_score, total_score) VALUES ('SP011', 'U007', '王圣瑜', 60, NULL, NULL, 60);
INSERT INTO ratings (script_id, user_id, user_name, content_score, market_score, commercial_score, total_score) VALUES ('SP012', 'U009', '王舒', 70, NULL, NULL, 70);
INSERT INTO ratings (script_id, user_id, user_name, content_score, market_score, commercial_score, total_score) VALUES ('SP012', 'U001', '陈佳意', 70, NULL, NULL, 70);
INSERT INTO ratings (script_id, user_id, user_name, content_score, market_score, commercial_score, total_score) VALUES ('SP012', 'U002', '李思雨', 70, NULL, NULL, 70);
INSERT INTO ratings (script_id, user_id, user_name, content_score, market_score, commercial_score, total_score) VALUES ('SP012', 'U008', '康飞飞', 60, NULL, NULL, 60);
INSERT INTO ratings (script_id, user_id, user_name, content_score, market_score, commercial_score, total_score) VALUES ('SP012', 'U003', '陈思琪', 70, NULL, NULL, 70);
INSERT INTO ratings (script_id, user_id, user_name, content_score, market_score, commercial_score, total_score) VALUES ('SP012', 'U004', '董兵雨', 60, NULL, NULL, 60);
INSERT INTO ratings (script_id, user_id, user_name, content_score, market_score, commercial_score, total_score) VALUES ('SP012', 'U005', '闻博', 70, NULL, NULL, 70);
INSERT INTO ratings (script_id, user_id, user_name, content_score, market_score, commercial_score, total_score) VALUES ('SP012', 'U006', '杨晓磊', 70, NULL, NULL, 70);
INSERT INTO ratings (script_id, user_id, user_name, content_score, market_score, commercial_score, total_score) VALUES ('SP012', 'U007', '王圣瑜', 70, NULL, NULL, 70);
INSERT INTO ratings (script_id, user_id, user_name, content_score, market_score, commercial_score, total_score) VALUES ('SP013', 'U009', '王舒', 70, NULL, NULL, 70);
INSERT INTO ratings (script_id, user_id, user_name, content_score, market_score, commercial_score, total_score) VALUES ('SP013', 'U001', '陈佳意', 50, NULL, NULL, 50);
INSERT INTO ratings (script_id, user_id, user_name, content_score, market_score, commercial_score, total_score) VALUES ('SP013', 'U002', '李思雨', 70, NULL, NULL, 70);
INSERT INTO ratings (script_id, user_id, user_name, content_score, market_score, commercial_score, total_score) VALUES ('SP013', 'U008', '康飞飞', 70, NULL, NULL, 70);
INSERT INTO ratings (script_id, user_id, user_name, content_score, market_score, commercial_score, total_score) VALUES ('SP013', 'U003', '陈思琪', 60, NULL, NULL, 60);
INSERT INTO ratings (script_id, user_id, user_name, content_score, market_score, commercial_score, total_score) VALUES ('SP013', 'U004', '董兵雨', 60, NULL, NULL, 60);
INSERT INTO ratings (script_id, user_id, user_name, content_score, market_score, commercial_score, total_score) VALUES ('SP013', 'U005', '闻博', 60, NULL, NULL, 60);
INSERT INTO ratings (script_id, user_id, user_name, content_score, market_score, commercial_score, total_score) VALUES ('SP013', 'U006', '杨晓磊', 50, NULL, NULL, 50);
INSERT INTO ratings (script_id, user_id, user_name, content_score, market_score, commercial_score, total_score) VALUES ('SP013', 'U007', '王圣瑜', 50, NULL, NULL, 50);
INSERT INTO ratings (script_id, user_id, user_name, content_score, market_score, commercial_score, total_score) VALUES ('SP014', 'U009', '王舒', 70, NULL, NULL, 70);
INSERT INTO ratings (script_id, user_id, user_name, content_score, market_score, commercial_score, total_score) VALUES ('SP014', 'U001', '陈佳意', 80, NULL, NULL, 80);
INSERT INTO ratings (script_id, user_id, user_name, content_score, market_score, commercial_score, total_score) VALUES ('SP014', 'U002', '李思雨', 80, NULL, NULL, 80);
INSERT INTO ratings (script_id, user_id, user_name, content_score, market_score, commercial_score, total_score) VALUES ('SP014', 'U008', '康飞飞', 80, NULL, NULL, 80);
INSERT INTO ratings (script_id, user_id, user_name, content_score, market_score, commercial_score, total_score) VALUES ('SP014', 'U003', '陈思琪', 70, NULL, NULL, 70);
INSERT INTO ratings (script_id, user_id, user_name, content_score, market_score, commercial_score, total_score) VALUES ('SP014', 'U004', '董兵雨', 70, NULL, NULL, 70);
INSERT INTO ratings (script_id, user_id, user_name, content_score, market_score, commercial_score, total_score) VALUES ('SP014', 'U005', '闻博', 70, NULL, NULL, 70);
INSERT INTO ratings (script_id, user_id, user_name, content_score, market_score, commercial_score, total_score) VALUES ('SP014', 'U006', '杨晓磊', 70, NULL, NULL, 70);
INSERT INTO ratings (script_id, user_id, user_name, content_score, market_score, commercial_score, total_score) VALUES ('SP014', 'U007', '王圣瑜', 70, NULL, NULL, 70);
INSERT INTO ratings (script_id, user_id, user_name, content_score, market_score, commercial_score, total_score) VALUES ('SP015', 'U009', '王舒', 70, NULL, NULL, 70);
INSERT INTO ratings (script_id, user_id, user_name, content_score, market_score, commercial_score, total_score) VALUES ('SP015', 'U001', '陈佳意', 80, NULL, NULL, 80);
INSERT INTO ratings (script_id, user_id, user_name, content_score, market_score, commercial_score, total_score) VALUES ('SP015', 'U002', '李思雨', 70, NULL, NULL, 70);
INSERT INTO ratings (script_id, user_id, user_name, content_score, market_score, commercial_score, total_score) VALUES ('SP015', 'U008', '康飞飞', 70, NULL, NULL, 70);
INSERT INTO ratings (script_id, user_id, user_name, content_score, market_score, commercial_score, total_score) VALUES ('SP015', 'U003', '陈思琪', 70, NULL, NULL, 70);
INSERT INTO ratings (script_id, user_id, user_name, content_score, market_score, commercial_score, total_score) VALUES ('SP015', 'U004', '董兵雨', 70, NULL, NULL, 70);
INSERT INTO ratings (script_id, user_id, user_name, content_score, market_score, commercial_score, total_score) VALUES ('SP015', 'U005', '闻博', 70, NULL, NULL, 70);
INSERT INTO ratings (script_id, user_id, user_name, content_score, market_score, commercial_score, total_score) VALUES ('SP015', 'U006', '杨晓磊', 70, NULL, NULL, 70);
INSERT INTO ratings (script_id, user_id, user_name, content_score, market_score, commercial_score, total_score) VALUES ('SP015', 'U007', '王圣瑜', 60, NULL, NULL, 60);
INSERT INTO ratings (script_id, user_id, user_name, content_score, market_score, commercial_score, total_score) VALUES ('SP016', 'U009', '王舒', 70, NULL, NULL, 70);
INSERT INTO ratings (script_id, user_id, user_name, content_score, market_score, commercial_score, total_score) VALUES ('SP016', 'U001', '陈佳意', 70, NULL, NULL, 70);
INSERT INTO ratings (script_id, user_id, user_name, content_score, market_score, commercial_score, total_score) VALUES ('SP016', 'U002', '李思雨', 70, NULL, NULL, 70);
INSERT INTO ratings (script_id, user_id, user_name, content_score, market_score, commercial_score, total_score) VALUES ('SP016', 'U008', '康飞飞', 70, NULL, NULL, 70);
INSERT INTO ratings (script_id, user_id, user_name, content_score, market_score, commercial_score, total_score) VALUES ('SP016', 'U003', '陈思琪', 70, NULL, NULL, 70);
INSERT INTO ratings (script_id, user_id, user_name, content_score, market_score, commercial_score, total_score) VALUES ('SP016', 'U004', '董兵雨', 70, NULL, NULL, 70);
INSERT INTO ratings (script_id, user_id, user_name, content_score, market_score, commercial_score, total_score) VALUES ('SP016', 'U005', '闻博', 70, NULL, NULL, 70);
INSERT INTO ratings (script_id, user_id, user_name, content_score, market_score, commercial_score, total_score) VALUES ('SP016', 'U006', '杨晓磊', 70, NULL, NULL, 70);
INSERT INTO ratings (script_id, user_id, user_name, content_score, market_score, commercial_score, total_score) VALUES ('SP016', 'U007', '王圣瑜', 80, NULL, NULL, 80);
INSERT INTO ratings (script_id, user_id, user_name, content_score, market_score, commercial_score, total_score) VALUES ('SP017', 'U009', '王舒', 70, NULL, NULL, 70);
INSERT INTO ratings (script_id, user_id, user_name, content_score, market_score, commercial_score, total_score) VALUES ('SP017', 'U001', '陈佳意', 70, NULL, NULL, 70);
INSERT INTO ratings (script_id, user_id, user_name, content_score, market_score, commercial_score, total_score) VALUES ('SP017', 'U002', '李思雨', 60, NULL, NULL, 60);
INSERT INTO ratings (script_id, user_id, user_name, content_score, market_score, commercial_score, total_score) VALUES ('SP017', 'U008', '康飞飞', 70, NULL, NULL, 70);
INSERT INTO ratings (script_id, user_id, user_name, content_score, market_score, commercial_score, total_score) VALUES ('SP017', 'U003', '陈思琪', 50, NULL, NULL, 50);
INSERT INTO ratings (script_id, user_id, user_name, content_score, market_score, commercial_score, total_score) VALUES ('SP017', 'U004', '董兵雨', 50, NULL, NULL, 50);
INSERT INTO ratings (script_id, user_id, user_name, content_score, market_score, commercial_score, total_score) VALUES ('SP017', 'U005', '闻博', 60, NULL, NULL, 60);
INSERT INTO ratings (script_id, user_id, user_name, content_score, market_score, commercial_score, total_score) VALUES ('SP017', 'U006', '杨晓磊', 50, NULL, NULL, 50);
INSERT INTO ratings (script_id, user_id, user_name, content_score, market_score, commercial_score, total_score) VALUES ('SP017', 'U007', '王圣瑜', 60, NULL, NULL, 60);
INSERT INTO ratings (script_id, user_id, user_name, content_score, market_score, commercial_score, total_score) VALUES ('SP018', 'U009', '王舒', 60, NULL, NULL, 60);
INSERT INTO ratings (script_id, user_id, user_name, content_score, market_score, commercial_score, total_score) VALUES ('SP018', 'U001', '陈佳意', 70, NULL, NULL, 70);
INSERT INTO ratings (script_id, user_id, user_name, content_score, market_score, commercial_score, total_score) VALUES ('SP018', 'U002', '李思雨', 70, NULL, NULL, 70);
INSERT INTO ratings (script_id, user_id, user_name, content_score, market_score, commercial_score, total_score) VALUES ('SP018', 'U008', '康飞飞', 70, NULL, NULL, 70);
INSERT INTO ratings (script_id, user_id, user_name, content_score, market_score, commercial_score, total_score) VALUES ('SP018', 'U003', '陈思琪', 60, NULL, NULL, 60);
INSERT INTO ratings (script_id, user_id, user_name, content_score, market_score, commercial_score, total_score) VALUES ('SP018', 'U004', '董兵雨', 60, NULL, NULL, 60);
INSERT INTO ratings (script_id, user_id, user_name, content_score, market_score, commercial_score, total_score) VALUES ('SP018', 'U005', '闻博', 60, NULL, NULL, 60);
INSERT INTO ratings (script_id, user_id, user_name, content_score, market_score, commercial_score, total_score) VALUES ('SP018', 'U006', '杨晓磊', 60, NULL, NULL, 60);
INSERT INTO ratings (script_id, user_id, user_name, content_score, market_score, commercial_score, total_score) VALUES ('SP018', 'U007', '王圣瑜', 60, NULL, NULL, 60);
INSERT INTO ratings (script_id, user_id, user_name, content_score, market_score, commercial_score, total_score) VALUES ('SP019', 'U009', '王舒', 70, NULL, NULL, 70);
INSERT INTO ratings (script_id, user_id, user_name, content_score, market_score, commercial_score, total_score) VALUES ('SP019', 'U001', '陈佳意', 70, NULL, NULL, 70);
INSERT INTO ratings (script_id, user_id, user_name, content_score, market_score, commercial_score, total_score) VALUES ('SP019', 'U002', '李思雨', 70, NULL, NULL, 70);
INSERT INTO ratings (script_id, user_id, user_name, content_score, market_score, commercial_score, total_score) VALUES ('SP019', 'U008', '康飞飞', 80, NULL, NULL, 80);
INSERT INTO ratings (script_id, user_id, user_name, content_score, market_score, commercial_score, total_score) VALUES ('SP019', 'U003', '陈思琪', 60, NULL, NULL, 60);
INSERT INTO ratings (script_id, user_id, user_name, content_score, market_score, commercial_score, total_score) VALUES ('SP019', 'U004', '董兵雨', 60, NULL, NULL, 60);
INSERT INTO ratings (script_id, user_id, user_name, content_score, market_score, commercial_score, total_score) VALUES ('SP019', 'U005', '闻博', 70, NULL, NULL, 70);
INSERT INTO ratings (script_id, user_id, user_name, content_score, market_score, commercial_score, total_score) VALUES ('SP019', 'U006', '杨晓磊', 70, NULL, NULL, 70);
INSERT INTO ratings (script_id, user_id, user_name, content_score, market_score, commercial_score, total_score) VALUES ('SP019', 'U007', '王圣瑜', 60, NULL, NULL, 60);
INSERT INTO ratings (script_id, user_id, user_name, content_score, market_score, commercial_score, total_score) VALUES ('SP020', 'U001', '陈佳意', 70, NULL, NULL, 70);
INSERT INTO ratings (script_id, user_id, user_name, content_score, market_score, commercial_score, total_score) VALUES ('SP020', 'U002', '李思雨', 70, NULL, NULL, 70);
INSERT INTO ratings (script_id, user_id, user_name, content_score, market_score, commercial_score, total_score) VALUES ('SP020', 'U008', '康飞飞', 70, NULL, NULL, 70);
INSERT INTO ratings (script_id, user_id, user_name, content_score, market_score, commercial_score, total_score) VALUES ('SP020', 'U003', '陈思琪', 70, NULL, NULL, 70);
INSERT INTO ratings (script_id, user_id, user_name, content_score, market_score, commercial_score, total_score) VALUES ('SP020', 'U004', '董兵雨', 70, NULL, NULL, 70);
INSERT INTO ratings (script_id, user_id, user_name, content_score, market_score, commercial_score, total_score) VALUES ('SP020', 'U005', '闻博', 70, NULL, NULL, 70);
INSERT INTO ratings (script_id, user_id, user_name, content_score, market_score, commercial_score, total_score) VALUES ('SP020', 'U006', '杨晓磊', 70, NULL, NULL, 70);
INSERT INTO ratings (script_id, user_id, user_name, content_score, market_score, commercial_score, total_score) VALUES ('SP020', 'U007', '王圣瑜', 70, NULL, NULL, 70);
INSERT INTO ratings (script_id, user_id, user_name, content_score, market_score, commercial_score, total_score) VALUES ('SP021', 'U009', '王舒', 70, NULL, NULL, 70);
INSERT INTO ratings (script_id, user_id, user_name, content_score, market_score, commercial_score, total_score) VALUES ('SP021', 'U001', '陈佳意', 80, NULL, NULL, 80);
INSERT INTO ratings (script_id, user_id, user_name, content_score, market_score, commercial_score, total_score) VALUES ('SP021', 'U002', '李思雨', 80, NULL, NULL, 80);
INSERT INTO ratings (script_id, user_id, user_name, content_score, market_score, commercial_score, total_score) VALUES ('SP021', 'U008', '康飞飞', 70, NULL, NULL, 70);
INSERT INTO ratings (script_id, user_id, user_name, content_score, market_score, commercial_score, total_score) VALUES ('SP021', 'U003', '陈思琪', 70, NULL, NULL, 70);
INSERT INTO ratings (script_id, user_id, user_name, content_score, market_score, commercial_score, total_score) VALUES ('SP021', 'U004', '董兵雨', 60, NULL, NULL, 60);
INSERT INTO ratings (script_id, user_id, user_name, content_score, market_score, commercial_score, total_score) VALUES ('SP021', 'U005', '闻博', 70, NULL, NULL, 70);
INSERT INTO ratings (script_id, user_id, user_name, content_score, market_score, commercial_score, total_score) VALUES ('SP021', 'U006', '杨晓磊', 70, NULL, NULL, 70);
INSERT INTO ratings (script_id, user_id, user_name, content_score, market_score, commercial_score, total_score) VALUES ('SP021', 'U007', '王圣瑜', 70, NULL, NULL, 70);
INSERT INTO ratings (script_id, user_id, user_name, content_score, market_score, commercial_score, total_score) VALUES ('SP022', 'U009', '王舒', 70, NULL, NULL, 70);
INSERT INTO ratings (script_id, user_id, user_name, content_score, market_score, commercial_score, total_score) VALUES ('SP022', 'U001', '陈佳意', 70, NULL, NULL, 70);
INSERT INTO ratings (script_id, user_id, user_name, content_score, market_score, commercial_score, total_score) VALUES ('SP022', 'U002', '李思雨', 70, NULL, NULL, 70);
INSERT INTO ratings (script_id, user_id, user_name, content_score, market_score, commercial_score, total_score) VALUES ('SP022', 'U008', '康飞飞', 80, NULL, NULL, 80);
INSERT INTO ratings (script_id, user_id, user_name, content_score, market_score, commercial_score, total_score) VALUES ('SP022', 'U003', '陈思琪', 70, NULL, NULL, 70);
INSERT INTO ratings (script_id, user_id, user_name, content_score, market_score, commercial_score, total_score) VALUES ('SP022', 'U004', '董兵雨', 70, NULL, NULL, 70);
INSERT INTO ratings (script_id, user_id, user_name, content_score, market_score, commercial_score, total_score) VALUES ('SP022', 'U005', '闻博', 70, NULL, NULL, 70);
INSERT INTO ratings (script_id, user_id, user_name, content_score, market_score, commercial_score, total_score) VALUES ('SP022', 'U006', '杨晓磊', 70, NULL, NULL, 70);
INSERT INTO ratings (script_id, user_id, user_name, content_score, market_score, commercial_score, total_score) VALUES ('SP022', 'U007', '王圣瑜', 80, NULL, NULL, 80);
INSERT INTO ratings (script_id, user_id, user_name, content_score, market_score, commercial_score, total_score) VALUES ('SP023', 'U009', '王舒', 50, NULL, NULL, 50);
INSERT INTO ratings (script_id, user_id, user_name, content_score, market_score, commercial_score, total_score) VALUES ('SP023', 'U001', '陈佳意', 50, NULL, NULL, 50);
INSERT INTO ratings (script_id, user_id, user_name, content_score, market_score, commercial_score, total_score) VALUES ('SP023', 'U002', '李思雨', 70, NULL, NULL, 70);
INSERT INTO ratings (script_id, user_id, user_name, content_score, market_score, commercial_score, total_score) VALUES ('SP023', 'U008', '康飞飞', 70, NULL, NULL, 70);
INSERT INTO ratings (script_id, user_id, user_name, content_score, market_score, commercial_score, total_score) VALUES ('SP023', 'U003', '陈思琪', 60, NULL, NULL, 60);
INSERT INTO ratings (script_id, user_id, user_name, content_score, market_score, commercial_score, total_score) VALUES ('SP023', 'U004', '董兵雨', 60, NULL, NULL, 60);
INSERT INTO ratings (script_id, user_id, user_name, content_score, market_score, commercial_score, total_score) VALUES ('SP023', 'U005', '闻博', 60, NULL, NULL, 60);
INSERT INTO ratings (script_id, user_id, user_name, content_score, market_score, commercial_score, total_score) VALUES ('SP023', 'U006', '杨晓磊', 80, NULL, NULL, 80);
INSERT INTO ratings (script_id, user_id, user_name, content_score, market_score, commercial_score, total_score) VALUES ('SP023', 'U007', '王圣瑜', 60, NULL, NULL, 60);
INSERT INTO ratings (script_id, user_id, user_name, content_score, market_score, commercial_score, total_score) VALUES ('SP024', 'U009', '王舒', 70, NULL, NULL, 70);
INSERT INTO ratings (script_id, user_id, user_name, content_score, market_score, commercial_score, total_score) VALUES ('SP024', 'U001', '陈佳意', 60, NULL, NULL, 60);
INSERT INTO ratings (script_id, user_id, user_name, content_score, market_score, commercial_score, total_score) VALUES ('SP024', 'U002', '李思雨', 70, NULL, NULL, 70);
INSERT INTO ratings (script_id, user_id, user_name, content_score, market_score, commercial_score, total_score) VALUES ('SP024', 'U008', '康飞飞', 70, NULL, NULL, 70);
INSERT INTO ratings (script_id, user_id, user_name, content_score, market_score, commercial_score, total_score) VALUES ('SP024', 'U003', '陈思琪', 60, NULL, NULL, 60);
INSERT INTO ratings (script_id, user_id, user_name, content_score, market_score, commercial_score, total_score) VALUES ('SP024', 'U004', '董兵雨', 60, NULL, NULL, 60);
INSERT INTO ratings (script_id, user_id, user_name, content_score, market_score, commercial_score, total_score) VALUES ('SP024', 'U005', '闻博', 70, NULL, NULL, 70);
INSERT INTO ratings (script_id, user_id, user_name, content_score, market_score, commercial_score, total_score) VALUES ('SP024', 'U006', '杨晓磊', 70, NULL, NULL, 70);
INSERT INTO ratings (script_id, user_id, user_name, content_score, market_score, commercial_score, total_score) VALUES ('SP024', 'U007', '王圣瑜', 70, NULL, NULL, 70);
INSERT INTO ratings (script_id, user_id, user_name, content_score, market_score, commercial_score, total_score) VALUES ('SP025', 'U009', '王舒', 60, NULL, NULL, 60);
INSERT INTO ratings (script_id, user_id, user_name, content_score, market_score, commercial_score, total_score) VALUES ('SP025', 'U001', '陈佳意', 70, NULL, NULL, 70);
INSERT INTO ratings (script_id, user_id, user_name, content_score, market_score, commercial_score, total_score) VALUES ('SP025', 'U002', '李思雨', 60, NULL, NULL, 60);
INSERT INTO ratings (script_id, user_id, user_name, content_score, market_score, commercial_score, total_score) VALUES ('SP025', 'U008', '康飞飞', 70, NULL, NULL, 70);
INSERT INTO ratings (script_id, user_id, user_name, content_score, market_score, commercial_score, total_score) VALUES ('SP025', 'U003', '陈思琪', 50, NULL, NULL, 50);
INSERT INTO ratings (script_id, user_id, user_name, content_score, market_score, commercial_score, total_score) VALUES ('SP025', 'U004', '董兵雨', 60, NULL, NULL, 60);
INSERT INTO ratings (script_id, user_id, user_name, content_score, market_score, commercial_score, total_score) VALUES ('SP025', 'U005', '闻博', 50, NULL, NULL, 50);
INSERT INTO ratings (script_id, user_id, user_name, content_score, market_score, commercial_score, total_score) VALUES ('SP025', 'U006', '杨晓磊', 50, NULL, NULL, 50);
INSERT INTO ratings (script_id, user_id, user_name, content_score, market_score, commercial_score, total_score) VALUES ('SP025', 'U007', '王圣瑜', 60, NULL, NULL, 60);
INSERT INTO ratings (script_id, user_id, user_name, content_score, market_score, commercial_score, total_score) VALUES ('SP026', 'U009', '王舒', 70, NULL, NULL, 70);
INSERT INTO ratings (script_id, user_id, user_name, content_score, market_score, commercial_score, total_score) VALUES ('SP026', 'U001', '陈佳意', 70, NULL, NULL, 70);
INSERT INTO ratings (script_id, user_id, user_name, content_score, market_score, commercial_score, total_score) VALUES ('SP026', 'U002', '李思雨', 70, NULL, NULL, 70);
INSERT INTO ratings (script_id, user_id, user_name, content_score, market_score, commercial_score, total_score) VALUES ('SP026', 'U008', '康飞飞', 70, NULL, NULL, 70);
INSERT INTO ratings (script_id, user_id, user_name, content_score, market_score, commercial_score, total_score) VALUES ('SP026', 'U003', '陈思琪', 60, NULL, NULL, 60);
INSERT INTO ratings (script_id, user_id, user_name, content_score, market_score, commercial_score, total_score) VALUES ('SP026', 'U004', '董兵雨', 60, NULL, NULL, 60);
INSERT INTO ratings (script_id, user_id, user_name, content_score, market_score, commercial_score, total_score) VALUES ('SP026', 'U005', '闻博', 60, NULL, NULL, 60);
INSERT INTO ratings (script_id, user_id, user_name, content_score, market_score, commercial_score, total_score) VALUES ('SP026', 'U006', '杨晓磊', 60, NULL, NULL, 60);
INSERT INTO ratings (script_id, user_id, user_name, content_score, market_score, commercial_score, total_score) VALUES ('SP026', 'U007', '王圣瑜', 70, NULL, NULL, 70);
INSERT INTO ratings (script_id, user_id, user_name, content_score, market_score, commercial_score, total_score) VALUES ('SP027', 'U009', '王舒', 70, NULL, NULL, 70);
INSERT INTO ratings (script_id, user_id, user_name, content_score, market_score, commercial_score, total_score) VALUES ('SP027', 'U002', '李思雨', 70, NULL, NULL, 70);
INSERT INTO ratings (script_id, user_id, user_name, content_score, market_score, commercial_score, total_score) VALUES ('SP027', 'U008', '康飞飞', 80, NULL, NULL, 80);
INSERT INTO ratings (script_id, user_id, user_name, content_score, market_score, commercial_score, total_score) VALUES ('SP027', 'U003', '陈思琪', 70, NULL, NULL, 70);
INSERT INTO ratings (script_id, user_id, user_name, content_score, market_score, commercial_score, total_score) VALUES ('SP027', 'U004', '董兵雨', 60, NULL, NULL, 60);
INSERT INTO ratings (script_id, user_id, user_name, content_score, market_score, commercial_score, total_score) VALUES ('SP027', 'U005', '闻博', 60, NULL, NULL, 60);
INSERT INTO ratings (script_id, user_id, user_name, content_score, market_score, commercial_score, total_score) VALUES ('SP027', 'U006', '杨晓磊', 70, NULL, NULL, 70);
INSERT INTO ratings (script_id, user_id, user_name, content_score, market_score, commercial_score, total_score) VALUES ('SP028', 'U009', '王舒', 70, NULL, NULL, 70);
INSERT INTO ratings (script_id, user_id, user_name, content_score, market_score, commercial_score, total_score) VALUES ('SP028', 'U001', '陈佳意', 80, NULL, NULL, 80);
INSERT INTO ratings (script_id, user_id, user_name, content_score, market_score, commercial_score, total_score) VALUES ('SP028', 'U002', '李思雨', 70, NULL, NULL, 70);
INSERT INTO ratings (script_id, user_id, user_name, content_score, market_score, commercial_score, total_score) VALUES ('SP028', 'U008', '康飞飞', 70, NULL, NULL, 70);
INSERT INTO ratings (script_id, user_id, user_name, content_score, market_score, commercial_score, total_score) VALUES ('SP028', 'U003', '陈思琪', 60, NULL, NULL, 60);
INSERT INTO ratings (script_id, user_id, user_name, content_score, market_score, commercial_score, total_score) VALUES ('SP028', 'U004', '董兵雨', 60, NULL, NULL, 60);
INSERT INTO ratings (script_id, user_id, user_name, content_score, market_score, commercial_score, total_score) VALUES ('SP028', 'U005', '闻博', 70, NULL, NULL, 70);
INSERT INTO ratings (script_id, user_id, user_name, content_score, market_score, commercial_score, total_score) VALUES ('SP028', 'U006', '杨晓磊', 70, NULL, NULL, 70);
INSERT INTO ratings (script_id, user_id, user_name, content_score, market_score, commercial_score, total_score) VALUES ('SP028', 'U007', '王圣瑜', 60, NULL, NULL, 60);
INSERT INTO ratings (script_id, user_id, user_name, content_score, market_score, commercial_score, total_score) VALUES ('SP029', 'U009', '王舒', 50, NULL, NULL, 50);
INSERT INTO ratings (script_id, user_id, user_name, content_score, market_score, commercial_score, total_score) VALUES ('SP029', 'U001', '陈佳意', 70, NULL, NULL, 70);
INSERT INTO ratings (script_id, user_id, user_name, content_score, market_score, commercial_score, total_score) VALUES ('SP029', 'U002', '李思雨', 60, NULL, NULL, 60);
INSERT INTO ratings (script_id, user_id, user_name, content_score, market_score, commercial_score, total_score) VALUES ('SP029', 'U008', '康飞飞', 60, NULL, NULL, 60);
INSERT INTO ratings (script_id, user_id, user_name, content_score, market_score, commercial_score, total_score) VALUES ('SP029', 'U003', '陈思琪', 60, NULL, NULL, 60);
INSERT INTO ratings (script_id, user_id, user_name, content_score, market_score, commercial_score, total_score) VALUES ('SP029', 'U004', '董兵雨', 50, NULL, NULL, 50);
INSERT INTO ratings (script_id, user_id, user_name, content_score, market_score, commercial_score, total_score) VALUES ('SP029', 'U005', '闻博', 60, NULL, NULL, 60);
INSERT INTO ratings (script_id, user_id, user_name, content_score, market_score, commercial_score, total_score) VALUES ('SP029', 'U006', '杨晓磊', 60, NULL, NULL, 60);
INSERT INTO ratings (script_id, user_id, user_name, content_score, market_score, commercial_score, total_score) VALUES ('SP029', 'U007', '王圣瑜', 50, NULL, NULL, 50);
INSERT INTO ratings (script_id, user_id, user_name, content_score, market_score, commercial_score, total_score) VALUES ('SP030', 'U009', '王舒', 70, 85, 80, 78.3);
INSERT INTO ratings (script_id, user_id, user_name, content_score, market_score, commercial_score, total_score) VALUES ('SP030', 'U001', '陈佳意', 70, 70, 60, 66.7);
INSERT INTO ratings (script_id, user_id, user_name, content_score, market_score, commercial_score, total_score) VALUES ('SP030', 'U002', '李思雨', 70, 85, 80, 78.3);
INSERT INTO ratings (script_id, user_id, user_name, content_score, market_score, commercial_score, total_score) VALUES ('SP030', 'U008', '康飞飞', 70, 70, 60, 66.7);
INSERT INTO ratings (script_id, user_id, user_name, content_score, market_score, commercial_score, total_score) VALUES ('SP030', 'U003', '陈思琪', 70, 70, 60, 66.7);
INSERT INTO ratings (script_id, user_id, user_name, content_score, market_score, commercial_score, total_score) VALUES ('SP030', 'U004', '董兵雨', 70, 70, 80, 73.3);
INSERT INTO ratings (script_id, user_id, user_name, content_score, market_score, commercial_score, total_score) VALUES ('SP030', 'U005', '闻博', 70, 70, 60, 66.7);
INSERT INTO ratings (script_id, user_id, user_name, content_score, market_score, commercial_score, total_score) VALUES ('SP030', 'U006', '杨晓磊', 70, 85, 80, 78.3);
INSERT INTO ratings (script_id, user_id, user_name, content_score, market_score, commercial_score, total_score) VALUES ('SP030', 'U007', '王圣瑜', 70, 80, NULL, 75);
INSERT INTO ratings (script_id, user_id, user_name, content_score, market_score, commercial_score, total_score) VALUES ('SP031', 'U009', '王舒', 70, 85, 80, 78.3);
INSERT INTO ratings (script_id, user_id, user_name, content_score, market_score, commercial_score, total_score) VALUES ('SP031', 'U001', '陈佳意', 80, 85, 60, 75);
INSERT INTO ratings (script_id, user_id, user_name, content_score, market_score, commercial_score, total_score) VALUES ('SP031', 'U002', '李思雨', 80, 85, 60, 75);
INSERT INTO ratings (script_id, user_id, user_name, content_score, market_score, commercial_score, total_score) VALUES ('SP031', 'U008', '康飞飞', 80, 85, 60, 75);
INSERT INTO ratings (script_id, user_id, user_name, content_score, market_score, commercial_score, total_score) VALUES ('SP031', 'U003', '陈思琪', 60, 85, 60, 68.3);
INSERT INTO ratings (script_id, user_id, user_name, content_score, market_score, commercial_score, total_score) VALUES ('SP031', 'U004', '董兵雨', 80, 85, NULL, 82.5);
INSERT INTO ratings (script_id, user_id, user_name, content_score, market_score, commercial_score, total_score) VALUES ('SP031', 'U005', '闻博', 70, 85, 60, 71.7);
INSERT INTO ratings (script_id, user_id, user_name, content_score, market_score, commercial_score, total_score) VALUES ('SP031', 'U006', '杨晓磊', 70, 85, 60, 71.7);
INSERT INTO ratings (script_id, user_id, user_name, content_score, market_score, commercial_score, total_score) VALUES ('SP031', 'U007', '王圣瑜', 70, 80, NULL, 75);
INSERT INTO ratings (script_id, user_id, user_name, content_score, market_score, commercial_score, total_score) VALUES ('SP032', 'U009', '王舒', NULL, 70, 60, 65);
INSERT INTO ratings (script_id, user_id, user_name, content_score, market_score, commercial_score, total_score) VALUES ('SP032', 'U001', '陈佳意', 70, 85, 60, 71.7);
INSERT INTO ratings (script_id, user_id, user_name, content_score, market_score, commercial_score, total_score) VALUES ('SP032', 'U002', '李思雨', 70, 85, 60, 71.7);
INSERT INTO ratings (script_id, user_id, user_name, content_score, market_score, commercial_score, total_score) VALUES ('SP032', 'U008', '康飞飞', 70, 70, 40, 60);
INSERT INTO ratings (script_id, user_id, user_name, content_score, market_score, commercial_score, total_score) VALUES ('SP032', 'U003', '陈思琪', 60, 70, 60, 63.3);
INSERT INTO ratings (script_id, user_id, user_name, content_score, market_score, commercial_score, total_score) VALUES ('SP032', 'U004', '董兵雨', 60, 70, 40, 56.7);
INSERT INTO ratings (script_id, user_id, user_name, content_score, market_score, commercial_score, total_score) VALUES ('SP032', 'U005', '闻博', 60, 70, 40, 56.7);
INSERT INTO ratings (script_id, user_id, user_name, content_score, market_score, commercial_score, total_score) VALUES ('SP032', 'U006', '杨晓磊', 60, 85, 40, 61.7);
INSERT INTO ratings (script_id, user_id, user_name, content_score, market_score, commercial_score, total_score) VALUES ('SP032', 'U007', '王圣瑜', 80, 60, NULL, 70);
INSERT INTO ratings (script_id, user_id, user_name, content_score, market_score, commercial_score, total_score) VALUES ('SP033', 'U009', '王舒', NULL, 55, 60, 57.5);
INSERT INTO ratings (script_id, user_id, user_name, content_score, market_score, commercial_score, total_score) VALUES ('SP033', 'U001', '陈佳意', 70, 55, 80, 68.3);
INSERT INTO ratings (script_id, user_id, user_name, content_score, market_score, commercial_score, total_score) VALUES ('SP033', 'U002', '李思雨', 60, 70, 80, 70);
INSERT INTO ratings (script_id, user_id, user_name, content_score, market_score, commercial_score, total_score) VALUES ('SP033', 'U008', '康飞飞', 70, 55, 80, 68.3);
INSERT INTO ratings (script_id, user_id, user_name, content_score, market_score, commercial_score, total_score) VALUES ('SP033', 'U003', '陈思琪', 50, 55, 80, 61.7);
INSERT INTO ratings (script_id, user_id, user_name, content_score, market_score, commercial_score, total_score) VALUES ('SP033', 'U004', '董兵雨', 50, 55, 80, 61.7);
INSERT INTO ratings (script_id, user_id, user_name, content_score, market_score, commercial_score, total_score) VALUES ('SP033', 'U005', '闻博', 60, 55, 80, 65);
INSERT INTO ratings (script_id, user_id, user_name, content_score, market_score, commercial_score, total_score) VALUES ('SP033', 'U006', '杨晓磊', 50, 55, 60, 55);
INSERT INTO ratings (script_id, user_id, user_name, content_score, market_score, commercial_score, total_score) VALUES ('SP033', 'U007', '王圣瑜', 60, 60, 80, 66.7);
INSERT INTO ratings (script_id, user_id, user_name, content_score, market_score, commercial_score, total_score) VALUES ('SP034', 'U009', '王舒', 60, 55, 80, 65);
INSERT INTO ratings (script_id, user_id, user_name, content_score, market_score, commercial_score, total_score) VALUES ('SP034', 'U001', '陈佳意', 60, 70, 80, 70);
INSERT INTO ratings (script_id, user_id, user_name, content_score, market_score, commercial_score, total_score) VALUES ('SP034', 'U002', '李思雨', 70, 85, 80, 78.3);
INSERT INTO ratings (script_id, user_id, user_name, content_score, market_score, commercial_score, total_score) VALUES ('SP034', 'U008', '康飞飞', 80, 70, 80, 76.7);
INSERT INTO ratings (script_id, user_id, user_name, content_score, market_score, commercial_score, total_score) VALUES ('SP034', 'U003', '陈思琪', 60, 70, 80, 70);
INSERT INTO ratings (script_id, user_id, user_name, content_score, market_score, commercial_score, total_score) VALUES ('SP034', 'U004', '董兵雨', 60, 70, 80, 70);
INSERT INTO ratings (script_id, user_id, user_name, content_score, market_score, commercial_score, total_score) VALUES ('SP034', 'U005', '闻博', 60, 70, 80, 70);
INSERT INTO ratings (script_id, user_id, user_name, content_score, market_score, commercial_score, total_score) VALUES ('SP034', 'U006', '杨晓磊', 60, 70, 80, 70);
INSERT INTO ratings (script_id, user_id, user_name, content_score, market_score, commercial_score, total_score) VALUES ('SP034', 'U007', '王圣瑜', 60, 80, NULL, 70);
INSERT INTO ratings (script_id, user_id, user_name, content_score, market_score, commercial_score, total_score) VALUES ('SP035', 'U009', '王舒', 70, 70, 40, 60);
INSERT INTO ratings (script_id, user_id, user_name, content_score, market_score, commercial_score, total_score) VALUES ('SP035', 'U001', '陈佳意', 60, 70, 40, 56.7);
INSERT INTO ratings (script_id, user_id, user_name, content_score, market_score, commercial_score, total_score) VALUES ('SP035', 'U002', '李思雨', 70, 70, 60, 66.7);
INSERT INTO ratings (script_id, user_id, user_name, content_score, market_score, commercial_score, total_score) VALUES ('SP035', 'U008', '康飞飞', 60, 70, 60, 63.3);
INSERT INTO ratings (script_id, user_id, user_name, content_score, market_score, commercial_score, total_score) VALUES ('SP035', 'U003', '陈思琪', 70, 70, 40, 60);
INSERT INTO ratings (script_id, user_id, user_name, content_score, market_score, commercial_score, total_score) VALUES ('SP035', 'U004', '董兵雨', 60, 70, 60, 63.3);
INSERT INTO ratings (script_id, user_id, user_name, content_score, market_score, commercial_score, total_score) VALUES ('SP035', 'U005', '闻博', 70, 85, 80, 78.3);
INSERT INTO ratings (script_id, user_id, user_name, content_score, market_score, commercial_score, total_score) VALUES ('SP035', 'U006', '杨晓磊', 80, 85, 60, 75);
INSERT INTO ratings (script_id, user_id, user_name, content_score, market_score, commercial_score, total_score) VALUES ('SP035', 'U007', '王圣瑜', 80, 40, NULL, 60);
INSERT INTO ratings (script_id, user_id, user_name, content_score, market_score, commercial_score, total_score) VALUES ('SP036', 'U009', '王舒', 70, 85, 60, 71.7);
INSERT INTO ratings (script_id, user_id, user_name, content_score, market_score, commercial_score, total_score) VALUES ('SP036', 'U001', '陈佳意', 80, 85, 60, 75);
INSERT INTO ratings (script_id, user_id, user_name, content_score, market_score, commercial_score, total_score) VALUES ('SP036', 'U002', '李思雨', 80, 85, 60, 75);
INSERT INTO ratings (script_id, user_id, user_name, content_score, market_score, commercial_score, total_score) VALUES ('SP036', 'U008', '康飞飞', 70, 70, 80, 73.3);
INSERT INTO ratings (script_id, user_id, user_name, content_score, market_score, commercial_score, total_score) VALUES ('SP036', 'U003', '陈思琪', 60, 85, 80, 75);
INSERT INTO ratings (script_id, user_id, user_name, content_score, market_score, commercial_score, total_score) VALUES ('SP036', 'U004', '董兵雨', 60, 70, 60, 63.3);
INSERT INTO ratings (script_id, user_id, user_name, content_score, market_score, commercial_score, total_score) VALUES ('SP036', 'U005', '闻博', 60, 70, 60, 63.3);
INSERT INTO ratings (script_id, user_id, user_name, content_score, market_score, commercial_score, total_score) VALUES ('SP036', 'U006', '杨晓磊', 60, 70, 60, 63.3);
INSERT INTO ratings (script_id, user_id, user_name, content_score, market_score, commercial_score, total_score) VALUES ('SP036', 'U007', '王圣瑜', 60, 60, NULL, 60);
INSERT INTO ratings (script_id, user_id, user_name, content_score, market_score, commercial_score, total_score) VALUES ('SP037', 'U009', '王舒', 50, 55, 60, 55);
INSERT INTO ratings (script_id, user_id, user_name, content_score, market_score, commercial_score, total_score) VALUES ('SP037', 'U001', '陈佳意', 60, 55, 40, 51.7);
INSERT INTO ratings (script_id, user_id, user_name, content_score, market_score, commercial_score, total_score) VALUES ('SP037', 'U002', '李思雨', 60, 70, 60, 63.3);
INSERT INTO ratings (script_id, user_id, user_name, content_score, market_score, commercial_score, total_score) VALUES ('SP037', 'U008', '康飞飞', 60, 55, 40, 51.7);
INSERT INTO ratings (script_id, user_id, user_name, content_score, market_score, commercial_score, total_score) VALUES ('SP037', 'U003', '陈思琪', 60, 55, 40, 51.7);
INSERT INTO ratings (script_id, user_id, user_name, content_score, market_score, commercial_score, total_score) VALUES ('SP037', 'U004', '董兵雨', 60, 55, 60, 58.3);
INSERT INTO ratings (script_id, user_id, user_name, content_score, market_score, commercial_score, total_score) VALUES ('SP037', 'U005', '闻博', 60, 55, 40, 51.7);
INSERT INTO ratings (script_id, user_id, user_name, content_score, market_score, commercial_score, total_score) VALUES ('SP037', 'U006', '杨晓磊', 60, 70, 60, 63.3);
INSERT INTO ratings (script_id, user_id, user_name, content_score, market_score, commercial_score, total_score) VALUES ('SP037', 'U007', '王圣瑜', 60, 60, NULL, 60);
INSERT INTO ratings (script_id, user_id, user_name, content_score, market_score, commercial_score, total_score) VALUES ('SP038', 'U009', '王舒', 70, NULL, NULL, 70);
INSERT INTO ratings (script_id, user_id, user_name, content_score, market_score, commercial_score, total_score) VALUES ('SP038', 'U001', '陈佳意', 70, 70, 60, 66.7);
INSERT INTO ratings (script_id, user_id, user_name, content_score, market_score, commercial_score, total_score) VALUES ('SP038', 'U002', '李思雨', 70, 70, 80, 73.3);
INSERT INTO ratings (script_id, user_id, user_name, content_score, market_score, commercial_score, total_score) VALUES ('SP038', 'U008', '康飞飞', 70, 55, 80, 68.3);
INSERT INTO ratings (script_id, user_id, user_name, content_score, market_score, commercial_score, total_score) VALUES ('SP038', 'U003', '陈思琪', 70, 55, 80, 68.3);
INSERT INTO ratings (script_id, user_id, user_name, content_score, market_score, commercial_score, total_score) VALUES ('SP038', 'U004', '董兵雨', 60, 55, 80, 65);
INSERT INTO ratings (script_id, user_id, user_name, content_score, market_score, commercial_score, total_score) VALUES ('SP038', 'U005', '闻博', 70, 70, 80, 73.3);
INSERT INTO ratings (script_id, user_id, user_name, content_score, market_score, commercial_score, total_score) VALUES ('SP038', 'U006', '杨晓磊', 70, 70, 80, 73.3);
INSERT INTO ratings (script_id, user_id, user_name, content_score, market_score, commercial_score, total_score) VALUES ('SP038', 'U007', '王圣瑜', 70, NULL, NULL, 70);
INSERT INTO ratings (script_id, user_id, user_name, content_score, market_score, commercial_score, total_score) VALUES ('SP039', 'U009', '王舒', 60, 70, 60, 63.3);
INSERT INTO ratings (script_id, user_id, user_name, content_score, market_score, commercial_score, total_score) VALUES ('SP039', 'U001', '陈佳意', 60, 70, 60, 63.3);
INSERT INTO ratings (script_id, user_id, user_name, content_score, market_score, commercial_score, total_score) VALUES ('SP039', 'U002', '李思雨', 60, 70, 60, 63.3);
INSERT INTO ratings (script_id, user_id, user_name, content_score, market_score, commercial_score, total_score) VALUES ('SP039', 'U008', '康飞飞', 50, 70, 40, 53.3);
INSERT INTO ratings (script_id, user_id, user_name, content_score, market_score, commercial_score, total_score) VALUES ('SP039', 'U003', '陈思琪', 60, 70, 40, 56.7);
INSERT INTO ratings (script_id, user_id, user_name, content_score, market_score, commercial_score, total_score) VALUES ('SP039', 'U004', '董兵雨', 60, 70, 60, 63.3);
INSERT INTO ratings (script_id, user_id, user_name, content_score, market_score, commercial_score, total_score) VALUES ('SP039', 'U005', '闻博', 60, NULL, NULL, 60);
INSERT INTO ratings (script_id, user_id, user_name, content_score, market_score, commercial_score, total_score) VALUES ('SP039', 'U006', '杨晓磊', NULL, 70, 80, 75);
INSERT INTO ratings (script_id, user_id, user_name, content_score, market_score, commercial_score, total_score) VALUES ('SP039', 'U007', '王圣瑜', 60, 60, NULL, 60);
INSERT INTO ratings (script_id, user_id, user_name, content_score, market_score, commercial_score, total_score) VALUES ('SP040', 'U009', '王舒', 70, 55, 60, 61.7);
INSERT INTO ratings (script_id, user_id, user_name, content_score, market_score, commercial_score, total_score) VALUES ('SP040', 'U001', '陈佳意', NULL, 55, 60, 57.5);
INSERT INTO ratings (script_id, user_id, user_name, content_score, market_score, commercial_score, total_score) VALUES ('SP040', 'U002', '李思雨', 60, 70, 60, 63.3);
INSERT INTO ratings (script_id, user_id, user_name, content_score, market_score, commercial_score, total_score) VALUES ('SP040', 'U008', '康飞飞', 60, 55, 60, 58.3);
INSERT INTO ratings (script_id, user_id, user_name, content_score, market_score, commercial_score, total_score) VALUES ('SP040', 'U003', '陈思琪', 60, 55, 60, 58.3);
INSERT INTO ratings (script_id, user_id, user_name, content_score, market_score, commercial_score, total_score) VALUES ('SP040', 'U004', '董兵雨', 60, 55, 60, 58.3);
INSERT INTO ratings (script_id, user_id, user_name, content_score, market_score, commercial_score, total_score) VALUES ('SP040', 'U005', '闻博', 60, 55, 60, 58.3);
INSERT INTO ratings (script_id, user_id, user_name, content_score, market_score, commercial_score, total_score) VALUES ('SP040', 'U006', '杨晓磊', 60, 70, 60, 63.3);
INSERT INTO ratings (script_id, user_id, user_name, content_score, market_score, commercial_score, total_score) VALUES ('SP040', 'U007', '王圣瑜', 70, 60, 80, 70);
INSERT INTO ratings (script_id, user_id, user_name, content_score, market_score, commercial_score, total_score) VALUES ('SP041', 'U009', '王舒', 70, 70, 80, 73.3);
INSERT INTO ratings (script_id, user_id, user_name, content_score, market_score, commercial_score, total_score) VALUES ('SP041', 'U001', '陈佳意', 70, 70, 80, 73.3);
INSERT INTO ratings (script_id, user_id, user_name, content_score, market_score, commercial_score, total_score) VALUES ('SP041', 'U002', '李思雨', 70, 70, 60, 66.7);
INSERT INTO ratings (script_id, user_id, user_name, content_score, market_score, commercial_score, total_score) VALUES ('SP041', 'U008', '康飞飞', 70, 55, 60, 61.7);
INSERT INTO ratings (script_id, user_id, user_name, content_score, market_score, commercial_score, total_score) VALUES ('SP041', 'U003', '陈思琪', 60, 55, 60, 58.3);
INSERT INTO ratings (script_id, user_id, user_name, content_score, market_score, commercial_score, total_score) VALUES ('SP041', 'U004', '董兵雨', 60, 70, 80, 70);
INSERT INTO ratings (script_id, user_id, user_name, content_score, market_score, commercial_score, total_score) VALUES ('SP041', 'U005', '闻博', 70, 70, 80, 73.3);
INSERT INTO ratings (script_id, user_id, user_name, content_score, market_score, commercial_score, total_score) VALUES ('SP041', 'U006', '杨晓磊', 70, 55, 80, 68.3);
INSERT INTO ratings (script_id, user_id, user_name, content_score, market_score, commercial_score, total_score) VALUES ('SP041', 'U007', '王圣瑜', NULL, 80, NULL, 80);
INSERT INTO ratings (script_id, user_id, user_name, content_score, market_score, commercial_score, total_score) VALUES ('SP042', 'U009', '王舒', 70, NULL, NULL, 70);
INSERT INTO ratings (script_id, user_id, user_name, content_score, market_score, commercial_score, total_score) VALUES ('SP042', 'U001', '陈佳意', 70, 55, 40, 55);
INSERT INTO ratings (script_id, user_id, user_name, content_score, market_score, commercial_score, total_score) VALUES ('SP042', 'U002', '李思雨', 60, 55, 40, 51.7);
INSERT INTO ratings (script_id, user_id, user_name, content_score, market_score, commercial_score, total_score) VALUES ('SP042', 'U008', '康飞飞', 60, 55, 40, 51.7);
INSERT INTO ratings (script_id, user_id, user_name, content_score, market_score, commercial_score, total_score) VALUES ('SP042', 'U003', '陈思琪', 60, 55, 40, 51.7);
INSERT INTO ratings (script_id, user_id, user_name, content_score, market_score, commercial_score, total_score) VALUES ('SP042', 'U004', '董兵雨', 60, 55, 40, 51.7);
INSERT INTO ratings (script_id, user_id, user_name, content_score, market_score, commercial_score, total_score) VALUES ('SP042', 'U005', '闻博', 60, 70, 40, 56.7);
INSERT INTO ratings (script_id, user_id, user_name, content_score, market_score, commercial_score, total_score) VALUES ('SP042', 'U006', '杨晓磊', 70, 55, 40, 55);
INSERT INTO ratings (script_id, user_id, user_name, content_score, market_score, commercial_score, total_score) VALUES ('SP042', 'U007', '王圣瑜', 70, NULL, NULL, 70);
INSERT INTO ratings (script_id, user_id, user_name, content_score, market_score, commercial_score, total_score) VALUES ('SP043', 'U009', '王舒', 70, NULL, 60, 65);
INSERT INTO ratings (script_id, user_id, user_name, content_score, market_score, commercial_score, total_score) VALUES ('SP043', 'U001', '陈佳意', 80, 55, 40, 58.3);
INSERT INTO ratings (script_id, user_id, user_name, content_score, market_score, commercial_score, total_score) VALUES ('SP043', 'U002', '李思雨', 60, 70, 40, 56.7);
INSERT INTO ratings (script_id, user_id, user_name, content_score, market_score, commercial_score, total_score) VALUES ('SP043', 'U008', '康飞飞', 60, NULL, 40, 50);
INSERT INTO ratings (script_id, user_id, user_name, content_score, market_score, commercial_score, total_score) VALUES ('SP043', 'U003', '陈思琪', 60, 55, 40, 51.7);
INSERT INTO ratings (script_id, user_id, user_name, content_score, market_score, commercial_score, total_score) VALUES ('SP043', 'U004', '董兵雨', 60, 55, 40, 51.7);
INSERT INTO ratings (script_id, user_id, user_name, content_score, market_score, commercial_score, total_score) VALUES ('SP043', 'U005', '闻博', 60, 70, 60, 63.3);
INSERT INTO ratings (script_id, user_id, user_name, content_score, market_score, commercial_score, total_score) VALUES ('SP043', 'U006', '杨晓磊', 70, 70, 40, 60);
INSERT INTO ratings (script_id, user_id, user_name, content_score, market_score, commercial_score, total_score) VALUES ('SP043', 'U007', '王圣瑜', 70, 60, NULL, 65);
INSERT INTO ratings (script_id, user_id, user_name, content_score, market_score, commercial_score, total_score) VALUES ('SP044', 'U009', '王舒', NULL, 70, 60, 65);
INSERT INTO ratings (script_id, user_id, user_name, content_score, market_score, commercial_score, total_score) VALUES ('SP044', 'U001', '陈佳意', 50, 70, 60, 60);
INSERT INTO ratings (script_id, user_id, user_name, content_score, market_score, commercial_score, total_score) VALUES ('SP044', 'U002', '李思雨', 50, 70, 60, 60);
INSERT INTO ratings (script_id, user_id, user_name, content_score, market_score, commercial_score, total_score) VALUES ('SP044', 'U008', '康飞飞', 60, 55, 40, 51.7);
INSERT INTO ratings (script_id, user_id, user_name, content_score, market_score, commercial_score, total_score) VALUES ('SP044', 'U003', '陈思琪', 90, 55, 40, 61.7);
INSERT INTO ratings (script_id, user_id, user_name, content_score, market_score, commercial_score, total_score) VALUES ('SP044', 'U004', '董兵雨', 90, 70, 60, 73.3);
INSERT INTO ratings (script_id, user_id, user_name, content_score, market_score, commercial_score, total_score) VALUES ('SP044', 'U005', '闻博', 90, 55, 40, 61.7);
INSERT INTO ratings (script_id, user_id, user_name, content_score, market_score, commercial_score, total_score) VALUES ('SP044', 'U006', '杨晓磊', 50, 55, 40, 48.3);
INSERT INTO ratings (script_id, user_id, user_name, content_score, market_score, commercial_score, total_score) VALUES ('SP044', 'U007', '王圣瑜', 60, 60, 80, 66.7);
INSERT INTO ratings (script_id, user_id, user_name, content_score, market_score, commercial_score, total_score) VALUES ('SP045', 'U009', '王舒', 70, 70, 60, 66.7);
INSERT INTO ratings (script_id, user_id, user_name, content_score, market_score, commercial_score, total_score) VALUES ('SP045', 'U001', '陈佳意', 60, 70, 60, 63.3);
INSERT INTO ratings (script_id, user_id, user_name, content_score, market_score, commercial_score, total_score) VALUES ('SP045', 'U002', '李思雨', 70, 70, 60, 66.7);
INSERT INTO ratings (script_id, user_id, user_name, content_score, market_score, commercial_score, total_score) VALUES ('SP045', 'U008', '康飞飞', 60, 70, 60, 63.3);
INSERT INTO ratings (script_id, user_id, user_name, content_score, market_score, commercial_score, total_score) VALUES ('SP045', 'U003', '陈思琪', 60, 70, 60, 63.3);
INSERT INTO ratings (script_id, user_id, user_name, content_score, market_score, commercial_score, total_score) VALUES ('SP045', 'U004', '董兵雨', 60, 70, 60, 63.3);
INSERT INTO ratings (script_id, user_id, user_name, content_score, market_score, commercial_score, total_score) VALUES ('SP045', 'U005', '闻博', 60, 70, 60, 63.3);
INSERT INTO ratings (script_id, user_id, user_name, content_score, market_score, commercial_score, total_score) VALUES ('SP045', 'U006', '杨晓磊', 60, 70, 60, 63.3);
INSERT INTO ratings (script_id, user_id, user_name, content_score, market_score, commercial_score, total_score) VALUES ('SP045', 'U007', '王圣瑜', 50, 60, NULL, 55);
INSERT INTO ratings (script_id, user_id, user_name, content_score, market_score, commercial_score, total_score) VALUES ('SP046', 'U009', '王舒', 50, 70, 40, 53.3);
INSERT INTO ratings (script_id, user_id, user_name, content_score, market_score, commercial_score, total_score) VALUES ('SP046', 'U001', '陈佳意', 60, 70, 60, 63.3);
INSERT INTO ratings (script_id, user_id, user_name, content_score, market_score, commercial_score, total_score) VALUES ('SP046', 'U002', '李思雨', 70, 70, 60, 66.7);
INSERT INTO ratings (script_id, user_id, user_name, content_score, market_score, commercial_score, total_score) VALUES ('SP046', 'U008', '康飞飞', 60, 70, 60, 63.3);
INSERT INTO ratings (script_id, user_id, user_name, content_score, market_score, commercial_score, total_score) VALUES ('SP046', 'U003', '陈思琪', 50, 55, 60, 55);
INSERT INTO ratings (script_id, user_id, user_name, content_score, market_score, commercial_score, total_score) VALUES ('SP046', 'U004', '董兵雨', 50, 85, 60, 65);
INSERT INTO ratings (script_id, user_id, user_name, content_score, market_score, commercial_score, total_score) VALUES ('SP046', 'U005', '闻博', 60, 55, 40, 51.7);
INSERT INTO ratings (script_id, user_id, user_name, content_score, market_score, commercial_score, total_score) VALUES ('SP046', 'U006', '杨晓磊', 50, 85, 60, 65);
INSERT INTO ratings (script_id, user_id, user_name, content_score, market_score, commercial_score, total_score) VALUES ('SP046', 'U007', '王圣瑜', 60, 40, NULL, 50);
INSERT INTO ratings (script_id, user_id, user_name, content_score, market_score, commercial_score, total_score) VALUES ('SP047', 'U009', '王舒', 60, 85, 60, 68.3);
INSERT INTO ratings (script_id, user_id, user_name, content_score, market_score, commercial_score, total_score) VALUES ('SP047', 'U001', '陈佳意', 70, 70, 60, 66.7);
INSERT INTO ratings (script_id, user_id, user_name, content_score, market_score, commercial_score, total_score) VALUES ('SP047', 'U002', '李思雨', 70, 70, 40, 60);
INSERT INTO ratings (script_id, user_id, user_name, content_score, market_score, commercial_score, total_score) VALUES ('SP047', 'U008', '康飞飞', 60, 70, 40, 56.7);
INSERT INTO ratings (script_id, user_id, user_name, content_score, market_score, commercial_score, total_score) VALUES ('SP047', 'U003', '陈思琪', 60, 70, 40, 56.7);
INSERT INTO ratings (script_id, user_id, user_name, content_score, market_score, commercial_score, total_score) VALUES ('SP047', 'U004', '董兵雨', 50, 70, 40, 53.3);
INSERT INTO ratings (script_id, user_id, user_name, content_score, market_score, commercial_score, total_score) VALUES ('SP047', 'U005', '闻博', 50, 85, 40, 58.3);
INSERT INTO ratings (script_id, user_id, user_name, content_score, market_score, commercial_score, total_score) VALUES ('SP047', 'U006', '杨晓磊', 50, 85, 40, 58.3);
INSERT INTO ratings (script_id, user_id, user_name, content_score, market_score, commercial_score, total_score) VALUES ('SP047', 'U007', '王圣瑜', 70, 60, NULL, 65);
INSERT INTO ratings (script_id, user_id, user_name, content_score, market_score, commercial_score, total_score) VALUES ('SP048', 'U009', '王舒', 60, 55, 60, 58.3);
INSERT INTO ratings (script_id, user_id, user_name, content_score, market_score, commercial_score, total_score) VALUES ('SP048', 'U001', '陈佳意', 60, 55, 60, 58.3);
INSERT INTO ratings (script_id, user_id, user_name, content_score, market_score, commercial_score, total_score) VALUES ('SP048', 'U002', '李思雨', 60, 55, 60, 58.3);
INSERT INTO ratings (script_id, user_id, user_name, content_score, market_score, commercial_score, total_score) VALUES ('SP048', 'U008', '康飞飞', 60, 55, 40, 51.7);
INSERT INTO ratings (script_id, user_id, user_name, content_score, market_score, commercial_score, total_score) VALUES ('SP048', 'U003', '陈思琪', 60, 55, 40, 51.7);
INSERT INTO ratings (script_id, user_id, user_name, content_score, market_score, commercial_score, total_score) VALUES ('SP048', 'U004', '董兵雨', 50, 55, 60, 55);
INSERT INTO ratings (script_id, user_id, user_name, content_score, market_score, commercial_score, total_score) VALUES ('SP048', 'U005', '闻博', 60, 55, 60, 58.3);
INSERT INTO ratings (script_id, user_id, user_name, content_score, market_score, commercial_score, total_score) VALUES ('SP048', 'U006', '杨晓磊', 60, 70, 60, 63.3);
INSERT INTO ratings (script_id, user_id, user_name, content_score, market_score, commercial_score, total_score) VALUES ('SP048', 'U007', '王圣瑜', 50, 60, NULL, 55);
INSERT INTO ratings (script_id, user_id, user_name, content_score, market_score, commercial_score, total_score) VALUES ('SP049', 'U009', '王舒', NULL, 55, 40, 47.5);
INSERT INTO ratings (script_id, user_id, user_name, content_score, market_score, commercial_score, total_score) VALUES ('SP049', 'U001', '陈佳意', 90, 70, 40, 66.7);
INSERT INTO ratings (script_id, user_id, user_name, content_score, market_score, commercial_score, total_score) VALUES ('SP049', 'U002', '李思雨', 70, 70, 40, 60);
INSERT INTO ratings (script_id, user_id, user_name, content_score, market_score, commercial_score, total_score) VALUES ('SP049', 'U008', '康飞飞', 90, 55, 40, 61.7);
INSERT INTO ratings (script_id, user_id, user_name, content_score, market_score, commercial_score, total_score) VALUES ('SP049', 'U003', '陈思琪', 50, 55, 40, 48.3);
INSERT INTO ratings (script_id, user_id, user_name, content_score, market_score, commercial_score, total_score) VALUES ('SP049', 'U004', '董兵雨', 50, 70, 40, 53.3);
INSERT INTO ratings (script_id, user_id, user_name, content_score, market_score, commercial_score, total_score) VALUES ('SP049', 'U005', '闻博', 50, 70, 40, 53.3);
INSERT INTO ratings (script_id, user_id, user_name, content_score, market_score, commercial_score, total_score) VALUES ('SP049', 'U006', '杨晓磊', 50, 55, 40, 48.3);
INSERT INTO ratings (script_id, user_id, user_name, content_score, market_score, commercial_score, total_score) VALUES ('SP049', 'U007', '王圣瑜', 60, 40, NULL, 50);
INSERT INTO ratings (script_id, user_id, user_name, content_score, market_score, commercial_score, total_score) VALUES ('SP050', 'U009', '王舒', 60, 70, 80, 70);
INSERT INTO ratings (script_id, user_id, user_name, content_score, market_score, commercial_score, total_score) VALUES ('SP050', 'U001', '陈佳意', 70, 70, 80, 73.3);
INSERT INTO ratings (script_id, user_id, user_name, content_score, market_score, commercial_score, total_score) VALUES ('SP050', 'U002', '李思雨', 70, 70, 80, 73.3);
INSERT INTO ratings (script_id, user_id, user_name, content_score, market_score, commercial_score, total_score) VALUES ('SP050', 'U008', '康飞飞', 70, 70, 80, 73.3);
INSERT INTO ratings (script_id, user_id, user_name, content_score, market_score, commercial_score, total_score) VALUES ('SP050', 'U003', '陈思琪', 50, 70, 80, 66.7);
INSERT INTO ratings (script_id, user_id, user_name, content_score, market_score, commercial_score, total_score) VALUES ('SP050', 'U004', '董兵雨', 60, 70, 80, 70);
INSERT INTO ratings (script_id, user_id, user_name, content_score, market_score, commercial_score, total_score) VALUES ('SP050', 'U005', '闻博', 60, 70, 80, 70);
INSERT INTO ratings (script_id, user_id, user_name, content_score, market_score, commercial_score, total_score) VALUES ('SP050', 'U006', '杨晓磊', 50, 70, 60, 60);
INSERT INTO ratings (script_id, user_id, user_name, content_score, market_score, commercial_score, total_score) VALUES ('SP050', 'U007', '王圣瑜', 60, 80, NULL, 70);
INSERT INTO ratings (script_id, user_id, user_name, content_score, market_score, commercial_score, total_score) VALUES ('SP051', 'U009', '王舒', 60, 55, 60, 58.3);
INSERT INTO ratings (script_id, user_id, user_name, content_score, market_score, commercial_score, total_score) VALUES ('SP051', 'U001', '陈佳意', 60, 70, 60, 63.3);
INSERT INTO ratings (script_id, user_id, user_name, content_score, market_score, commercial_score, total_score) VALUES ('SP051', 'U002', '李思雨', 70, 70, 60, 66.7);
INSERT INTO ratings (script_id, user_id, user_name, content_score, market_score, commercial_score, total_score) VALUES ('SP051', 'U008', '康飞飞', 60, 55, NULL, 57.5);
INSERT INTO ratings (script_id, user_id, user_name, content_score, market_score, commercial_score, total_score) VALUES ('SP051', 'U003', '陈思琪', 70, 55, 60, 61.7);
INSERT INTO ratings (script_id, user_id, user_name, content_score, market_score, commercial_score, total_score) VALUES ('SP051', 'U004', '董兵雨', 60, 70, 80, 70);
INSERT INTO ratings (script_id, user_id, user_name, content_score, market_score, commercial_score, total_score) VALUES ('SP051', 'U005', '闻博', 60, 70, 80, 70);
INSERT INTO ratings (script_id, user_id, user_name, content_score, market_score, commercial_score, total_score) VALUES ('SP051', 'U006', '杨晓磊', 60, 70, 80, 70);
INSERT INTO ratings (script_id, user_id, user_name, content_score, market_score, commercial_score, total_score) VALUES ('SP051', 'U007', '王圣瑜', 60, 60, NULL, 60);
INSERT INTO ratings (script_id, user_id, user_name, content_score, market_score, commercial_score, total_score) VALUES ('SP052', 'U009', '王舒', NULL, NULL, 80, 80);
INSERT INTO ratings (script_id, user_id, user_name, content_score, market_score, commercial_score, total_score) VALUES ('SP052', 'U001', '陈佳意', 60, 70, 60, 63.3);
INSERT INTO ratings (script_id, user_id, user_name, content_score, market_score, commercial_score, total_score) VALUES ('SP052', 'U002', '李思雨', 60, 70, 60, 63.3);
INSERT INTO ratings (script_id, user_id, user_name, content_score, market_score, commercial_score, total_score) VALUES ('SP052', 'U008', '康飞飞', 60, 70, NULL, 65);
INSERT INTO ratings (script_id, user_id, user_name, content_score, market_score, commercial_score, total_score) VALUES ('SP052', 'U003', '陈思琪', 50, NULL, NULL, 50);
INSERT INTO ratings (script_id, user_id, user_name, content_score, market_score, commercial_score, total_score) VALUES ('SP052', 'U004', '董兵雨', 60, NULL, NULL, 60);
INSERT INTO ratings (script_id, user_id, user_name, content_score, market_score, commercial_score, total_score) VALUES ('SP052', 'U005', '闻博', NULL, 70, 80, 75);
INSERT INTO ratings (script_id, user_id, user_name, content_score, market_score, commercial_score, total_score) VALUES ('SP052', 'U006', '杨晓磊', 70, NULL, NULL, 70);
INSERT INTO ratings (script_id, user_id, user_name, content_score, market_score, commercial_score, total_score) VALUES ('SP052', 'U007', '王圣瑜', NULL, 80, NULL, 80);
INSERT INTO ratings (script_id, user_id, user_name, content_score, market_score, commercial_score, total_score) VALUES ('SP053', 'U009', '王舒', NULL, NULL, 40, 40);
INSERT INTO ratings (script_id, user_id, user_name, content_score, market_score, commercial_score, total_score) VALUES ('SP053', 'U001', '陈佳意', 90, 70, 40, 66.7);
INSERT INTO ratings (script_id, user_id, user_name, content_score, market_score, commercial_score, total_score) VALUES ('SP053', 'U002', '李思雨', 50, NULL, NULL, 50);
INSERT INTO ratings (script_id, user_id, user_name, content_score, market_score, commercial_score, total_score) VALUES ('SP053', 'U008', '康飞飞', NULL, 70, NULL, 70);
INSERT INTO ratings (script_id, user_id, user_name, content_score, market_score, commercial_score, total_score) VALUES ('SP053', 'U003', '陈思琪', 50, NULL, 40, 45);
INSERT INTO ratings (script_id, user_id, user_name, content_score, market_score, commercial_score, total_score) VALUES ('SP053', 'U004', '董兵雨', 50, NULL, NULL, 50);
INSERT INTO ratings (script_id, user_id, user_name, content_score, market_score, commercial_score, total_score) VALUES ('SP053', 'U005', '闻博', NULL, 55, 60, 57.5);
INSERT INTO ratings (script_id, user_id, user_name, content_score, market_score, commercial_score, total_score) VALUES ('SP053', 'U006', '杨晓磊', 50, NULL, NULL, 50);
INSERT INTO ratings (script_id, user_id, user_name, content_score, market_score, commercial_score, total_score) VALUES ('SP053', 'U007', '王圣瑜', NULL, 40, NULL, 40);
INSERT INTO ratings (script_id, user_id, user_name, content_score, market_score, commercial_score, total_score) VALUES ('SP054', 'U009', '王舒', NULL, NULL, 60, 60);
INSERT INTO ratings (script_id, user_id, user_name, content_score, market_score, commercial_score, total_score) VALUES ('SP054', 'U001', '陈佳意', 80, 70, 60, 70);
INSERT INTO ratings (script_id, user_id, user_name, content_score, market_score, commercial_score, total_score) VALUES ('SP054', 'U002', '李思雨', 80, 70, 60, 70);
INSERT INTO ratings (script_id, user_id, user_name, content_score, market_score, commercial_score, total_score) VALUES ('SP054', 'U008', '康飞飞', 70, 70, NULL, 70);
INSERT INTO ratings (script_id, user_id, user_name, content_score, market_score, commercial_score, total_score) VALUES ('SP054', 'U003', '陈思琪', 80, 70, 60, 70);
INSERT INTO ratings (script_id, user_id, user_name, content_score, market_score, commercial_score, total_score) VALUES ('SP054', 'U004', '董兵雨', 70, NULL, NULL, 70);
INSERT INTO ratings (script_id, user_id, user_name, content_score, market_score, commercial_score, total_score) VALUES ('SP054', 'U005', '闻博', NULL, 70, 40, 55);
INSERT INTO ratings (script_id, user_id, user_name, content_score, market_score, commercial_score, total_score) VALUES ('SP054', 'U006', '杨晓磊', 90, NULL, NULL, 90);
INSERT INTO ratings (script_id, user_id, user_name, content_score, market_score, commercial_score, total_score) VALUES ('SP054', 'U007', '王圣瑜', NULL, 60, NULL, 60);
INSERT INTO ratings (script_id, user_id, user_name, content_score, market_score, commercial_score, total_score) VALUES ('SP055', 'U009', '王舒', NULL, 55, 80, 67.5);
INSERT INTO ratings (script_id, user_id, user_name, content_score, market_score, commercial_score, total_score) VALUES ('SP055', 'U001', '陈佳意', 60, NULL, NULL, 60);
INSERT INTO ratings (script_id, user_id, user_name, content_score, market_score, commercial_score, total_score) VALUES ('SP055', 'U005', '闻博', NULL, 55, 80, 67.5);
INSERT INTO ratings (script_id, user_id, user_name, content_score, market_score, commercial_score, total_score) VALUES ('SP055', 'U006', '杨晓磊', 70, NULL, NULL, 70);
INSERT INTO ratings (script_id, user_id, user_name, content_score, market_score, commercial_score, total_score) VALUES ('SP055', 'U007', '王圣瑜', NULL, 80, NULL, 80);
